name,address,type,latitude,longitude,phone,website,is_service_area_only,containing_places,rating,reviews,opening_hours,place_id
Parkland Clinic,"7330 S Westmoreland Rd, Dallas, TX 75237, USA",medical_clinic,32.6575799,-96.8821107,(214) 590-0606,https://www.parklandhealth.org/locations,False,,,,,ChIJnatuYQCRToYRxypc1xk4BHo
Victory World Outreach Church | South Dallas,"7330 S Westmoreland Rd Ste 201, Dallas, TX 75237, USA",church,32.6575799,-96.8821107,,http://vwotexas.org/vwosouthdallas,False,,5,19,Monday: Closed | Tuesday: Closed | Wednesday: 6:30 – 8:30 PM | Thursday: Closed | Friday: Closed | Saturday: Closed | Sunday: 9:30 – 11:30 AM,ChIJERwM6R2RToYR-brEAZ4Zp2w
4 Angels Event Center,"7330 S Westmoreland Rd Ste 140, Dallas, TX 75237, USA",event_venue,32.6576212,-96.8818991,(214) 402-3252,https://www.4angeleseventcentertx.com/,False,,4.7,43,Monday: 8:00 AM – 6:00 PM | Tuesday: 8:00 AM – 6:00 PM | Wednesday: 8:00 AM – 6:00 PM | Thursday: 8:00 AM – 6:00 PM | Friday: 8:00 AM – 6:00 PM | Saturday: 9:00 AM – 4:00 PM | Sunday: Closed,ChIJyYRg9KmRToYR-k_sp2slq14
MultiCultural Development Center,"7440 S Westmoreland Rd, Dallas, TX 75237, USA",non_profit_organization,32.6552305,-96.8832786,(972) 296-5502,,False,,,,,ChIJAQDAyqiRToYRow6bfYRRNj0
Penny’s Child Care and Learning Center,"7440 S Westmoreland Rd, Dallas, TX 75237, USA",child_care_agency,32.6552305,-96.8832786,(972) 707-7430,http://pennyschildcarecenter.com/,False,,3.7,3,,ChIJAQDAyqiRToYRsoLaskF73LQ
Central Pointe Church-Christ,"7440 S Westmoreland Rd, Dallas, TX 75237, USA",church,32.6552153,-96.88316619999999,(972) 296-5502,http://centralpointechurch.org/,False,,4.8,113,"Monday: Closed | Tuesday: 9:00 AM – 3:00 PM | Wednesday: 9:00 AM – 3:00 PM, 6:00 – 9:00 PM | Thursday: 9:00 AM – 3:00 PM | Friday: 9:00 AM – 3:00 PM | Saturday: Closed | Sunday: 8:30 AM – 5:00 PM",ChIJ66UvMa-RToYRD4iyDZnNsc0
Urban Health Systems,"7310 S Westmoreland Rd, Dallas, TX 75237, USA",point_of_interest,32.658373399999995,-96.88290529999999,(214) 337-4700,http://www.urbanhealthsystems.org/home/index.php/location,False,,,,,ChIJAQDQTqmRToYRWMj4yxkCe9I
Auto Spotz,"7310 S Westmoreland Rd Ste 8, Dallas, TX 75237, USA",car_dealer,32.658373399999995,-96.88290529999999,(214) 467-1066,,False,,,,Monday: 1:00 – 5:00 PM | Tuesday: 1:00 – 5:00 PM | Wednesday: 1:00 – 5:00 PM | Thursday: 1:00 – 5:00 PM | Friday: 1:00 – 5:00 PM | Saturday: Closed | Sunday: Closed,ChIJJfyOzIuRToYRZxTUcidYJss
"Murchison Ira D.O.,P.A.","7310 S Westmoreland Rd #9, Dallas, TX 75237, USA",doctor,32.658373399999995,-96.88290529999999,(972) 780-1122,,False,,3.4,30,Monday: 9:00 AM – 4:00 PM | Tuesday: 9:00 AM – 4:00 PM | Wednesday: 9:00 AM – 4:00 PM | Thursday: 9:00 AM – 4:00 PM | Friday: 9:00 AM – 12:00 PM | Saturday: Closed | Sunday: Closed,ChIJud2ATamRToYR0vQh15n53wI
"Ronnie Shade, MD (Urban Health Systems)","7310 S Westmoreland Rd #1, Dallas, TX 75237, USA",doctor,32.6585214,-96.88308099999999,(214) 337-4700,http://www.urbanhealthsystems.org/home/,False,,4.1,20,Monday: 8:00 AM – 5:00 PM | Tuesday: 8:00 AM – 5:00 PM | Wednesday: 8:00 AM – 5:00 PM | Thursday: 8:00 AM – 5:00 PM | Friday: 8:00 AM – 4:30 PM | Saturday: Closed | Sunday: Closed,ChIJud2ATamRToYRE0oEv_m5htk
Change history 180,"3913 Gannon Ln #728, Dallas, TX 75237, USA",non_profit_organization,32.6550142,-96.882536,(214) 772-3072,,False,,,,,ChIJd74ldeS1h6QRZrMPtu7lhCg
Payinfoward inc,"3913 Gannon Ln #728, Dallas, TX 75237, USA",transportation_service,32.6550142,-96.882536,(214) 772-3072,,False,,,,Monday: 9:00 AM – 5:00 PM | Tuesday: 9:00 AM – 5:00 PM | Wednesday: 9:00 AM – 5:00 PM | Thursday: 9:00 AM – 5:00 PM | Friday: 9:00 AM – 5:00 PM | Saturday: 9:00 AM – 5:00 PM | Sunday: 9:00 AM – 5:00 PM,ChIJWZS87hrm8AcRRn5Kn8S-udA
U-Haul Neighborhood Dealer,"7460 S Westmoreland Rd Ste 105C, Dallas, TX 75237, USA",service,32.655147,-96.884417,(469) 250-5437,https://www.uhaul.com/Locations/Truck-Rentals-near-Dallas-TX-75237/025075/?utm_source=gmb&utm_medium=primary&utm_campaign=uhaulsmlm&utm_content=025075,False,,5,1,Monday: 9:00 AM – 5:30 PM | Tuesday: 9:00 AM – 5:30 PM | Wednesday: 9:00 AM – 5:30 PM | Thursday: 9:00 AM – 5:30 PM | Friday: 9:00 AM – 5:30 PM | Saturday: 12:00 – 3:00 PM | Sunday: Closed,ChIJ37QZNu-RToYRZ_RvE7YXb10
Max Beauty Supply,"7460 S Westmoreland Rd #103, Dallas, TX 75237, USA",store,32.6551178,-96.8844038,(214) 484-4952,,False,,4.4,408,Monday: 9:00 AM – 9:00 PM | Tuesday: 9:00 AM – 9:00 PM | Wednesday: 9:00 AM – 9:00 PM | Thursday: 9:00 AM – 9:00 PM | Friday: 9:00 AM – 9:00 PM | Saturday: 9:00 AM – 9:00 PM | Sunday: 11:00 AM – 6:30 PM,ChIJ1cCgcq-RToYR2mNlUn2yfos
Westmoreland @ Investor - N - NS,"Dallas, TX 75237, USA",bus_stop,32.65871,-96.88319,,,False,,,,,ChIJW9OJUqmRToYRYJ8RMXH_d88
Whip N Market & Deli,"7460 S Westmoreland Rd #100, Dallas, TX 75237, USA",convenience_store,32.6552751,-96.884739,(972) 298-3870,,False,,5,2,Monday: Open 24 hours | Tuesday: Open 24 hours | Wednesday: Open 24 hours | Thursday: Open 24 hours | Friday: Open 24 hours | Saturday: Open 24 hours | Sunday: Open 24 hours,ChIJ1cCgcq-RToYRLQNWpJGxi68
Palladium Apt,"7502 S Westmoreland Rd, Dallas, TX 75237, USA",apartment_building,32.6557077,-96.8852239,,,False,,,,,ChIJseW6ky-RToYR5ehyyzayzyE
"The Missionary Church of God in Christ Urban Initiatives, inc.","7460 S Westmoreland Rd Ste. 105, Dallas, TX 75237, USA",non_profit_organization,32.6546136,-96.8839847,(214) 288-3464,,False,,,,Monday: 10:30 AM – 4:00 PM | Tuesday: 10:30 AM – 4:00 PM | Wednesday: 10:30 AM – 4:00 PM | Thursday: 10:30 AM – 4:00 PM | Friday: 10:30 AM – 4:00 PM | Saturday: Closed | Sunday: 11:00 AM – 2:00 PM,ChIJU5qTdHeRToYRl0lnk_iFu64
Missionary C.O.G.I.C Learning Center,"7460 S Westmoreland Rd Ste. 105, Dallas, TX 75237, USA",child_care_agency,32.6546136,-96.8839847,(214) 758-0412,https://amcogiclc.com/,False,,3.7,3,Monday: 6:00 AM – 6:00 PM | Tuesday: 6:00 AM – 6:00 PM | Wednesday: 6:00 AM – 6:00 PM | Thursday: 6:00 AM – 6:00 PM | Friday: 6:00 AM – 6:00 PM | Saturday: Closed | Sunday: Closed,ChIJFczbe9iWToYRGZsMtyi-J0I
Express Laundry Center Lavanderia,"7307 S Westmoreland Rd, Dallas, TX 75237, USA",service,32.6589691,-96.88360340000001,(972) 283-6703,,False,,4.5,274,Monday: 7:00 AM – 9:00 PM | Tuesday: 7:00 AM – 9:00 PM | Wednesday: 7:00 AM – 9:00 PM | Thursday: 7:00 AM – 9:00 PM | Friday: 7:00 AM – 9:00 PM | Saturday: 7:00 AM – 9:00 PM | Sunday: 7:00 AM – 9:00 PM,ChIJ-YZ1rK6RToYRrIl2jJA8Y2M
Discount Food Mart,"7491 S Westmoreland Rd, Dallas, TX 75237, USA",convenience_store,32.6553429,-96.88579209999999,,,False,,4.2,13,Monday: 7:00 AM – 12:00 AM | Tuesday: 7:00 AM – 12:00 AM | Wednesday: 7:00 AM – 12:00 AM | Thursday: 7:00 AM – 12:00 AM | Friday: 7:00 AM – 12:00 AM | Saturday: 7:00 AM – 12:00 AM | Sunday: 8:00 AM – 12:00 AM,ChIJcb_fC6-RToYRSzr40b2LDps
Porsha Bakes LLC,"7550 S Westmoreland Rd Apt 414, Dallas, TX 75237, USA",bakery,32.6538939,-96.8849733,(214) 216-6841,https://www.facebook.com/profile.php?id=100079241359436,False,,,,,ChIJYUEXykuRToYRH7WfdCnvPVw
Way of Vultures,"4060 Preferred Pl #833, Dallas, TX 75237, USA",clothing_store,32.6596232,-96.8853572,,,False,,,,,ChIJ9b14OkqRToYRaX7eRPkTqYI
Wings and More Place,"7455 S Westmoreland Rd, Dallas, TX 75237, USA",american_restaurant,32.6555416,-96.8860425,(214) 779-7097,http://wingsandmoreplace.com/,False,,4.3,2098,Monday: 10:30 AM – 10:00 PM | Tuesday: 10:30 AM – 10:00 PM | Wednesday: 10:30 AM – 10:00 PM | Thursday: 10:30 AM – 10:00 PM | Friday: 10:30 AM – 11:00 PM | Saturday: 10:30 AM – 11:00 PM | Sunday: Closed,ChIJXaYKDq-RToYRiz2wpHm5v-U
Taqueria Garcia´S,"7500 S Westmoreland Rd, Dallas, TX 75237, USA",mexican_restaurant,32.6544095,-96.885296,(214) 466-3879,http://www.taqueriagarcias.com/,False,,4.4,27,Monday: 7:00 AM – 8:00 PM | Tuesday: 7:00 AM – 8:00 PM | Wednesday: 7:00 AM – 8:00 PM | Thursday: 7:00 AM – 8:00 PM | Friday: 7:00 AM – 8:00 PM | Saturday: 7:00 AM – 8:00 PM | Sunday: 9:00 AM – 5:00 PM,ChIJbyzJUruRToYRAoOxvJgVUlw
Taqueria El Arquito,"7500 S Westmoreland Rd, Dallas, TX 75237, USA",mexican_restaurant,32.6542556,-96.8852872,(469) 250-7307,https://www.taqueriaelarquito.com/,False,,4.4,309,Monday: 6:00 AM – 11:00 PM | Tuesday: 6:00 AM – 11:00 PM | Wednesday: 6:00 AM – 11:00 PM | Thursday: 6:00 AM – 11:00 PM | Friday: 6:00 AM – 11:00 PM | Saturday: 6:00 AM – 11:00 PM | Sunday: 7:00 AM – 11:00 PM,ChIJhVZui7yRToYREImgUQKEX3o
The Monet,"3900 Investor Dr, Dallas, TX 75237, USA",apartment_complex,32.6588911,-96.8848483,(888) 302-7858,https://www.themonetapartments.com/?rcstdid=Mg%3D%3D-YRjTEizZPgM%3D&utm_source=gmb&utm_medium=organic,False,,3.8,350,Monday: 9:30 AM – 6:00 PM | Tuesday: 9:30 AM – 6:00 PM | Wednesday: 9:30 AM – 6:00 PM | Thursday: 9:30 AM – 6:00 PM | Friday: 9:30 AM – 6:00 PM | Saturday: 10:00 AM – 5:00 PM | Sunday: Closed,ChIJ_y-nmK6RToYR650E8SAXZrw
Southwest Workforce Center,"3560 W Camp Wisdom Rd #110, Dallas, TX 75237, USA",employment_agency,32.6582187,-96.8777901,(972) 709-5377,http://www.wfsdallas.com/find-center,False,,3.8,164,Monday: 8:00 AM – 5:00 PM | Tuesday: 8:00 AM – 5:00 PM | Wednesday: 8:00 AM – 5:00 PM | Thursday: 8:00 AM – 5:00 PM | Friday: 8:00 AM – 5:00 PM | Saturday: Closed | Sunday: Closed,ChIJs7e2X6mRToYR0A8L3jrwJz4
The DEC Network,"3560 W Camp Wisdom Rd Ste 200, Dallas, TX 75237, USA",non_profit_organization,32.6581966,-96.87748979999999,,https://thedec.co/,False,,4.6,121,Monday: 9:00 AM – 5:00 PM | Tuesday: 9:00 AM – 5:00 PM | Wednesday: 9:00 AM – 5:00 PM | Thursday: 9:00 AM – 5:00 PM | Friday: 9:00 AM – 5:00 PM | Saturday: Closed | Sunday: Closed,ChIJ52ICIhaZToYRhrVpgH2JmIs
GIZA Printing Company - Red Bird,"3560 W Camp Wisdom Rd Ste 200, Dallas, TX 75237, USA",service,32.6582499,-96.8775375,(214) 744-3712,http://www.gizaprint.com/,False,,,,,ChIJ-cAZOUWRToYRjDvKSL0wlqA
It’s Everything Plus,"3560 W Camp Wisdom Rd Ste 200, Dallas, TX 75237, USA",consultant,32.6582473,-96.87747999999999,(469) 655-1363,http://itseverythingplus.com/,False,,5,2,Monday: Open 24 hours | Tuesday: Open 24 hours | Wednesday: Open 24 hours | Thursday: Open 24 hours | Friday: Open 24 hours | Saturday: Open 24 hours | Sunday: Open 24 hours,ChIJv42XBwCRToYR5bQu83GLQMs
Nivo Solar,"3560 S Westmoreland Rd, Dallas, TX 75237, USA",service,32.658312099999996,-96.8774213,(888) 969-6486,http://mynivohome.com/,False,,3,4,,ChIJJ5l2RgCRToYR9iSmW1aSdgE
Southern Dallas Link,"3560 W Camp Wisdom Rd, Dallas, TX 75237, USA",point_of_interest,32.6583908,-96.8775459,(469) 818-7209,,False,,,,,ChIJcwkFWweRToYRl2dnS_8bKX0
Memography,"3560 W Camp Wisdom Rd, Dallas, TX 75237, USA",medical_clinic,32.6583908,-96.8775459,,,False,,,,,ChIJdw_AMwCRToYRiWYr2WmR-io
DirectX MGT Inc,"3560 W Camp Wisdom Rd, Dallas, TX 75237, USA",service,32.6583908,-96.8775459,(214) 971-3534,https://directxmgt.com/,False,,4,4,Monday: 9:00 AM – 5:00 PM | Tuesday: 9:00 AM – 5:00 PM | Wednesday: 9:00 AM – 5:00 PM | Thursday: 9:00 AM – 5:00 PM | Friday: 9:00 AM – 5:00 PM | Saturday: Closed | Sunday: Closed,ChIJEX4ecLORToYRqVSqi5Xq1-c
GoexTele Communications Software & Technology,"3560 W Camp Wisdom Rd Ste 200, Dallas, TX 75237, USA",telecommunications_service_provider,32.6583908,-96.8775459,,http://www.goextele.com/,False,,5,1,Monday: 9:00 AM – 6:00 PM | Tuesday: 9:00 AM – 6:00 PM | Wednesday: 9:00 AM – 6:00 PM | Thursday: 9:00 AM – 6:00 PM | Friday: 9:00 AM – 6:00 PM | Saturday: 10:00 AM – 2:00 PM | Sunday: Closed,ChIJqSMNDCiRToYRwWQYqALUqO0
Pariss United LLC,"3560 W Camp Wisdom Rd, Dallas, TX 75237, USA",consultant,32.6583908,-96.8775459,(817) 806-8188,https://www.parissunited.com/,False,,,,,ChIJ4Wg5a5WRToYRmttPpVZHACI
New Beginners Preparatory,"7441 Marvin D. Love Fwy #300, Dallas, TX 75237, USA",school,32.6575534,-96.8759152,(214) 375-8000,http://www.nbcprep.org/,False,,,,Monday: 10:00 AM – 4:00 PM | Tuesday: 10:00 AM – 4:00 PM | Wednesday: 10:00 AM – 4:00 PM | Thursday: 10:00 AM – 4:00 PM | Friday: Closed | Saturday: Closed | Sunday: Closed,ChIJ66GBBLSQToYR9a9pDU4KXWg
"LifeStyle Education Center, LLC ""Familias-con-Salud""","7441 Marvin D. Love Fwy #206, Dallas, TX 75237, USA",educational_institution,32.6575734,-96.8759106,(817) 721-6355,http://www.familiasconsalud.com/,False,,,,,ChIJm1CkmqSRToYRQfr1z3l98n4
iMed Health Training,"7441 Marvin D. Love Fwy #401, Dallas, TX 75237, USA",educational_institution,32.6575734,-96.8759106,(972) 808-7976,http://imedhealthtraining.com/,False,,4.5,35,Monday: 8:00 AM – 10:00 PM | Tuesday: 8:00 AM – 10:00 PM | Wednesday: 8:00 AM – 10:00 PM | Thursday: 8:00 AM – 10:00 PM | Friday: 8:00 AM – 4:00 PM | Saturday: Closed | Sunday: Closed,ChIJXwVBBQeRToYR6VVB4kxv94U
AARP Foundation SCSEP,"3560 W Camp Wisdom Rd Suite. 110, Dallas, TX 75237, USA",non_profit_organization,32.658519999999996,-96.87841999999999,(855) 850-2525,https://my.aarpfoundation.org/locator/scsep/,False,,1,1,Monday: 9:00 AM – 6:00 PM | Tuesday: 9:00 AM – 6:00 PM | Wednesday: 9:00 AM – 6:00 PM | Thursday: 9:00 AM – 6:00 PM | Friday: 9:00 AM – 6:00 PM | Saturday: Closed | Sunday: Closed,ChIJLfrGhLORToYRRUdvINoxlGs
Parkland Clinic,"3560 W Camp Wisdom Rd Ste 200, Dallas, TX 75237, USA",medical_clinic,32.658547299999995,-96.8774005,,,False,,5,1,,ChIJT2IAYwCRToYRmyXnrOg78W8
"Law Offices of Glenn D. Tucker, Sr.","7441 Marvin D. Love Fwy #400, Dallas, TX 75237, USA",lawyer,32.6575641,-96.8758359,(214) 358-6550,http://www.glenndtucker.com/,False,,4.1,31,Monday: 9:00 AM – 5:00 PM | Tuesday: 9:00 AM – 5:00 PM | Wednesday: 9:00 AM – 5:00 PM | Thursday: 9:00 AM – 5:00 PM | Friday: 9:00 AM – 5:00 PM | Saturday: Closed | Sunday: Closed,ChIJ2T9a-MiRToYRoOEiJeCMVDE
C.V. Roman Health Center,"3560 W Camp Wisdom Rd Ste 100, Dallas, TX 75237, USA",medical_clinic,32.658616699999996,-96.87781590000002,(214) 266-5000,https://www.parklandhealth.org/locations/cv-roman-health-center-206,False,,3.9,68,Monday: 7:30 AM – 6:00 PM | Tuesday: 7:30 AM – 6:00 PM | Wednesday: 7:30 AM – 6:00 PM | Thursday: 7:30 AM – 6:00 PM | Friday: 7:30 AM – 6:00 PM | Saturday: Closed | Sunday: Closed,ChIJN3wmmK6RToYRtpSd3jvbRh8
Gentile Philip A,"7441 Marvin D. Love Fwy Su, Dallas, TX 75237, USA",health,32.657607299999995,-96.8758558,(214) 330-2222,,False,,,,,ChIJq6qqqv6QToYRVddOmzqduVU
6/28 Boutique,"7441 Marvin D. Love Fwy, Dallas, TX 75237, USA",store,32.6576072,-96.8758557,(214) 336-1297,https://628boutique.com/,False,,,,,ChIJ0ysq1leRToYR8Wq4aFPge6Y
I Just Got My CDL Training Academy,"7441 Marvin D. Love Fwy, Dallas, TX 75237, USA",point_of_interest,32.6576072,-96.8758557,(972) 808-7976,https://ijustgotmycdl.com/contact-us,False,,,,,ChIJN6PjBAeRToYRASGB2TSoncU
Where It’s At Beauty Bar & More,"7441 Marvin D. Love Fwy #206, Dallas, TX 75237, USA",store,32.6576072,-96.8758557,(469) 806-9057,,False,,5,2,Monday: Closed | Tuesday: 8:00 AM – 8:00 PM | Wednesday: 8:00 AM – 8:00 PM | Thursday: 8:00 AM – 8:00 PM | Friday: 8:00 AM – 8:00 PM | Saturday: 8:00 AM – 8:00 PM | Sunday: Closed,ChIJT4PJtc6XToYRTfURTdCEZRU
Chancellor Jewelers Inc,"7441 Marvin D. Love Fwy #100, Dallas, TX 75237, USA",jewelry_store,32.657536,-96.87579900000001,(972) 296-0783,,False,,4.8,12,Monday: 10:00 AM – 5:00 PM | Tuesday: 10:00 AM – 5:00 PM | Wednesday: 10:00 AM – 5:00 PM | Thursday: 10:00 AM – 5:00 PM | Friday: 10:00 AM – 5:00 PM | Saturday: 10:00 AM – 5:00 PM | Sunday: Closed,ChIJN6PjBAeRToYRPPbCouWUU8M
Muhimu Oils Wellness Center,"3560 W Camp Wisdom Rd Ste 200, Dallas, TX 75237, USA",store,32.6587566,-96.8774576,(945) 240-6989,https://muhimuoilsonline.com/,False,,5,4,Monday: Closed | Tuesday: 10:00 AM – 2:00 PM | Wednesday: Closed | Thursday: 10:00 AM – 2:00 PM | Friday: Closed | Saturday: Closed | Sunday: Closed,ChIJmRVeYAmRToYRzi-qQCGprSQ
The Justice System,"3662 W Camp Wisdom Rd, Dallas, TX 75237, USA",store,32.6588084,-96.8791868,(469) 336-7142,,False,,,,,ChIJ94PO4XqRToYRvVIyg1_Rlbo
Jewelry King,"3662 W Camp Wisdom Rd #1030, Dallas, TX 75237, USA",jewelry_store,32.6591515,-96.8778222,(469) 372-7524,,False,,,,,ChIJ6fLCVgeRToYRd0d-c3F1sf8
Burlington,"7465 Marvin D. Love Fwy, Dallas, TX 75237, USA",clothing_store,32.659013099999996,-96.8766593,(972) 283-4433,https://www.burlington.com/stores/tx/dallas/373?utm_source=google&utm_medium=organic&utm_campaign=maps,False,,,,,ChIJpXvOZqqRToYRxNvHorOzoqo
Electro Wireless,"3662 W Camp Wisdom Rd #1044, Dallas, TX 75237, USA",cell_phone_store,32.6592479,-96.8774121,(972) 572-6600,,False,,,,,ChIJQ3vOZqqRToYRfIi6gS5-Y6Y
ML Wireless,"3662 W Camp Wisdom Rd #1044, Dallas, TX 75237, USA",cell_phone_store,32.6592729,-96.8774227,(972) 572-6600 ext. 5,,False,,,,,ChIJ-zzo9vmRToYRqDbv6iNENLc
Labaik Jewelers,"3662 W Camp Wisdom Rd #1046, Dallas, TX 75237, USA",jewelry_store,32.6592701,-96.87717549999999,(972) 807-2953,,False,,,,,ChIJG9F6TgeRToYRH8vfLL6d4ew
Kids For Less,"3662 W Camp Wisdom Rd #2066, Dallas, TX 75237, USA",clothing_store,32.6592608,-96.8770266,(972) 298-6392,http://www.kidsforless.com/,False,,,,,ChIJQ3vOZqqRToYRORtcidi0mfI
ecoATM,"3662 W Camp Wisdom Rd, Dallas, TX 75237, USA",,32.6593203,-96.87720639999999,(858) 324-4111,http://locations.ecoatm.com/tx/dallas/sell-my-phone-dallas-tx-4231?utm_source=google&utm_medium=local&utm_campaign=google-local,False,,,,,ChIJmU90TgeRToYRFdXL9oWbV3s
G2 Fashion Inc,"2034 SW Center Mall, Dallas, TX 75237, USA",clothing_store,32.6593391,-96.8772924,(972) 283-5803,,False,,,,,ChIJq8kQwgaRToYRFfNRTF66pJg
Gold Plaza,"3662 W Camp Wisdom Rd K1044, Dallas, TX 75237, USA",jewelry_store,32.6594444,-96.8774078,(972) 780-0656,,False,,,,,ChIJNfC_LaiRToYR-wxdKfC6YcA
G III,"3550 W Camp Wisdom Rd, Dallas, TX 75237, USA",clothing_store,32.6594323,-96.87728709999999,,,False,,,,,ChIJmbuNTQeRToYR1NDHBrkYpSA
Fashion Line Image,"3662 W Camp Wisdom Rd #2039, Dallas, TX 75237, USA",womens_clothing_store,32.6594365,-96.87841910000002,(972) 283-5500,,False,,,,,ChIJpXvOZqqRToYRjfdBYSo721M
UNINHIBITED ME CLOTHING STORE,"3662 W Camp Wisdom Rd #1031, Dallas, TX 75237, USA",clothing_store,32.6595275,-96.87817009999999,,,False,,,,,ChIJmyoETQeRToYRy3_2YvIVyMU
We fix phones,"3662 W Camp Wisdom Rd, Dallas, TX 75237, USA",cell_phone_store,32.659264,-96.8792916,(945) 244-7142,,False,,,,,ChIJ0-VStqCRToYRsyAjkrtFhyg
Cell Phone Accessories,"3662 W Camp Wisdom Rd C1050, Dallas, TX 75237, USA",cell_phone_store,32.65949,-96.87710249999999,(214) 545-7553,,False,,,,,ChIJH7ONTQeRToYRL_ijAId5yms
Addikted2kicks,"3662 W Camp Wisdom Rd #1033, Dallas, TX 75237, USA",shoe_store,32.659571,-96.8780974,(972) 904-2637,https://www.instagram.com/a2k_dallas?igsh=bng1cDFvNjF4emxo&utm_source=qr,False,,,,,ChIJu_oixeaRToYRocHfRe5KU1k
"Spearman Legal Firm, P.C.","3560 W Camp Wisdom Rd Ste 200, Dallas, TX 75237, USA",lawyer,32.6587566,-96.8774576,(214) 888-8253,http://spearmanlegal.com/,False,,,,,ChIJLXYjjFaRToYRQxCHFAf1saM
Braids BY ARI,"3662 W Camp Wisdom Rd #1018, Dallas, TX 75237, USA",hair_salon,32.6587798,-96.8788915,(832) 365-5710,https://braidsbyari610.booksy.com/,False,,,,,ChIJH13sfrmRToYREhVfu0FnrQw
Radiance Pediatrics,"3560 W Camp Wisdom Rd Ste 200, Dallas, TX 75237, USA",doctor,32.6587566,-96.8774576,(469) 431-2627,http://www.radiancepeds.com/,False,,,,,ChIJAQB07amRToYRz9V7gj3n6ko
"Tonya P. McDonald, MD","3662 W Camp Wisdom Rd #2044, Dallas, TX 75237, USA",doctor,32.6588084,-96.8791868,(469) 431-2627,http://www.radiancepeds.com/,False,,,,,ChIJP42Zaj-RToYRTOX8h4QFbSg
Margaret Gavor MD,"3450 W Camp Wisdom Rd, Dallas, TX 75237, USA",doctor,32.6598718,-96.87581949999999,(214) 214-5830,https://utswmed.org/doctors/margaret-gavor/?utm_medium=organic&utm_source=google&utm_campaign=gbp&utm_content=website,False,,,,,ChIJJYhh9VSRToYRa0b9Df6Z7OE
Edward Kramer,"3450 W Camp Wisdom Rd, Dallas, TX 75237, USA",doctor,32.6598718,-96.87581949999999,(214) 214-5820,https://utswmed.org/doctors/edward-kramer/?utm_medium=organic&utm_source=google&utm_campaign=gbp&utm_content=website,False,,,,,ChIJl7KMUdORToYRCJ50ywnYmLY
Nicole Johnson MD,"3450 W Camp Wisdom Rd, Dallas, TX 75237, USA",doctor,32.6598718,-96.87581949999999,(214) 214-5830,https://utswmed.org/doctors/nicole-johnson/?utm_medium=organic&utm_source=google&utm_campaign=gbp&utm_content=website,False,,,,,ChIJX8M4s_6RToYR_jxJX1PmtfE
Molin Shi PhD,"3450 W Camp Wisdom Rd, Dallas, TX 75237, USA",doctor,32.6598718,-96.87581949999999,(214) 645-4673,https://utswmed.org/doctors/molin-shi/?utm_medium=organic&utm_source=google&utm_campaign=gbp&utm_content=website,False,,,,,ChIJZ-pJ7nKRToYR_LKnp-eSRpk
Maral Misserian PhD,"3450 W Camp Wisdom Rd, Dallas, TX 75237, USA",doctor,32.6598718,-96.87581949999999,(214) 214-5810,https://utswmed.org/doctors/maral-misserian/?utm_medium=organic&utm_source=google&utm_campaign=gbp&utm_content=website,False,,,,,ChIJqRLJvAmRToYRzhCfzy2CSII
Benjamin Miller MD,"3450 W Camp Wisdom Rd, Dallas, TX 75237, USA",doctor,32.6598718,-96.87581949999999,(214) 214-5800,https://utswmed.org/doctors/benjamin-miller/?utm_medium=organic&utm_source=google&utm_campaign=gbp&utm_content=website,False,,,,,ChIJ7Sqbc-aRToYRL5dbADqHwmQ
Aitua Salami MD MPH,"3450 W Camp Wisdom Rd, Dallas, TX 75237, USA",doctor,32.6598705,-96.875764,(214) 645-7700,https://utswmed.org/doctors/aitua-salami/?utm_medium=organic&utm_source=google&utm_campaign=gbp&utm_content=website,False,,,,,ChIJW9sD5rmRToYRYwLBm-oPB5Y
John Waters MD,"3450 W Camp Wisdom Rd, Dallas, TX 75237, USA",doctor,32.6598705,-96.875764,(214) 645-7700,https://utswmed.org/doctors/john-waters/?utm_medium=organic&utm_source=google&utm_campaign=gbp&utm_content=website,False,,,,,ChIJnfNOypKRToYRbXu2-XYM5QE
Scott Reznik MD,"3450 W Camp Wisdom Rd, Dallas, TX 75237, USA",doctor,32.6598705,-96.875764,(214) 645-7700,https://utswmed.org/doctors/scott-reznik/?utm_medium=organic&utm_source=google&utm_campaign=gbp&utm_content=website,False,,,,,ChIJr3OlAw2RToYR4NEPr0keNlE
Inderpal S. Sarkaria MD,"3450 W Camp Wisdom Rd, Dallas, TX 75237, USA",doctor,32.6598705,-96.875764,(214) 645-7700,https://utswmed.org/doctors/inderpal-sarkaria/?utm_medium=organic&utm_source=google&utm_campaign=gbp&utm_content=website,False,,,,,ChIJt4pNYl-RToYRVyDgAgr6eFM
Dr. Henry Han,"3450 W Camp Wisdom Rd, Dallas, TX 75237, USA",doctor,32.6598705,-96.875764,(214) 214-5810,https://utswmed.org/doctors/henry-han/?utm_medium=organic&utm_source=google&utm_campaign=gbp&utm_content=website,False,,,,,ChIJ4QRLeEqRToYRcCabUgJW7I0
Jaclyn Albin MD,"3450 W Camp Wisdom Rd, Dallas, TX 75237, USA",doctor,32.6598705,-96.875764,(214) 214-5840,https://utswmed.org/doctors/jaclyn-albin/?utm_medium=organic&utm_source=google&utm_campaign=gbp&utm_content=website,False,,,,,ChIJe59CMHWRToYRWzZOOv5skvM
Tad Campbell RD,"3450 W Camp Wisdom Rd, Dallas, TX 75237, USA",doctor,32.6598705,-96.875764,(214) 214-5820,https://utswmed.org/doctors/carl-campbell/?utm_medium=organic&utm_source=google&utm_campaign=gbp&utm_content=website,False,,,,,ChIJ2ZUeTgGRToYRz2PoPYnu4BI
Karanjit Sandhu MD,"3450 W Camp Wisdom Rd, Dallas, TX 75237, USA",doctor,32.6598705,-96.875764,(214) 214-5810,https://utswmed.org/doctors/karanjit-sandhu/?utm_medium=organic&utm_source=google&utm_campaign=gbp&utm_content=website,False,,,,,ChIJHx5zAbaRToYRq9YOMtH9QQA
Neurology - UT Southwestern RedBird,"3450 W Camp Wisdom Rd, Dallas, TX 75237, USA",doctor,32.6598705,-96.875764,(214) 214-5820,https://utswmed.org/locations/ut-southwestern-medical-center-redbird/neurology-med-ctr-redbird/?utm_medium=organic&utm_source=google&utm_campaign=gbp&utm_content=website,False,,,,,ChIJyZ2VmuuRToYRaAYxW8mk0KI
Uma Pulipaka MD,"3450 W Camp Wisdom Rd, Dallas, TX 75237, USA",doctor,32.6598705,-96.875764,(214) 214-5821,https://utswmed.org/doctors/uma-pulipaka/?utm_medium=organic&utm_source=google&utm_campaign=gbp&utm_content=website,False,,,,,ChIJEf_obD-RToYRcyBIgBaNi9Q
Shruti Zaveri MD,"3450 W Camp Wisdom Rd, Dallas, TX 75237, USA",doctor,32.6598705,-96.875764,(214) 645-4673,https://utswmed.org/doctors/shruti-zaveri/?utm_medium=organic&utm_source=google&utm_campaign=gbp&utm_content=website,False,,,,,ChIJVT52ZJyRToYR24Le-KkeKPg
Srijna Nandivada MD,"3450 W Camp Wisdom Rd, Dallas, TX 75237, USA",doctor,32.6598705,-96.875764,(214) 214-5830,https://utswmed.org/doctors/srijna-nandivada/,False,,,,,ChIJiUTa6aeRToYREynoZ4OFMUo
Park at Cliff Creek,"7310 Marvin D. Love Fwy, Dallas, TX 75237, USA",apartment_complex,32.656624199999996,-96.8732809,(972) 572-0000,http://www.chavezfoundation.org/,False,,,,,ChIJDSNmJACRToYRIFHmUbZHves
Jomova Store,"7310 Marvin D. Love Fwy, Dallas, TX 75237, USA",,32.6566143,-96.8732924,(214) 609-8453,,False,,,,,ChIJKXru3wSRToYRwjyxHRuydeY
Casa de Lety,"3150 Cliff Creek Crossing Dr, Dallas, TX 75237, USA",nail_salon,32.6553957,-96.8721253,,,False,,,,,ChIJ31X_bgCRToYRXhgS__mnvXo
SAAVY GURL FRAGRANCES,"7272 Marvin D. Love Fwy, Dallas, TX 75237, USA",hair_salon,32.658423,-96.87103700000002,,https://auniksalon.com/,False,,,,,ChIJ04LL99yRToYRYeywuTuTo4Q
ma divine illustration,"7272 Marvin D. Love Fwy, Dallas, TX 75237, USA",,32.658423,-96.87103700000002,(214) 289-4071,https://www.madivineillustration.com/?utm_source=google&utm_medium=wix_google_business_profile&utm_campaign=7449528134518528473,False,,,,,ChIJD54UvluRToYR6epmK1BW38M
Thic-Creations,"7272 Marvin D. Love Fwy, Dallas, TX 75237, USA",store,32.658423,-96.87103700000002,,,False,,,,,ChIJXQqvgjCRToYRf9cV15LGL7g
Machandra's Baked Goods,"7501 Chesterfield Dr Apt 912, Dallas, TX 75237, USA",dessert_shop,32.654964899999996,-96.8712729,(214) 462-0613,https://machandras-baked-goods.ueniweb.com/?utm_campaign=gmb,False,,,,,ChIJ92Iuh4eRToYR9cuJyqVHgF8
On Boss-ish,"7501 Chesterfield Dr, Dallas, TX 75237, USA",clothing_store,32.654964899999996,-96.8712729,(469) 359-2378,https://on-boss-ish.ueniweb.com/?utm_campaign=gmb,False,,,,,ChIJS5KyUpqRToYRkjn3Y6l2c_o
La Playa Apartments - Mandalay Palms Shoreside,"7501 Chesterfield Dr, Dallas, TX 75237, USA",apartment_complex,32.655075499999995,-96.8707441,(972) 780-0818,https://www.laplayaapartment.com/,False,,,,,ChIJJwq9FnCRToYRyNaTKH67PxQ
D'Elegance Of Event Planning & Decorating LLC,"Hwy 67, Dallas, TX 75232, USA",service,32.6590695,-96.87203989999999,(214) 527-8448,https://deleganceofeventplanning.com/?utm_campaign=gmb,False,,,,,ChIJN9Jryi6RToYRn9JPCWB7GiM
Chesterfield @ St George - N - MB1,"Dallas, TX 75237, USA",bus_stop,32.656211000000006,-96.869744,,,False,,,,,ChIJt1c7CgWRToYRtAhQHku2tfo
Hood J Barber 💈,"7272 Marvin D. Love Fwy #2632, Dallas, TX 75237, USA",barber_shop,32.6590997,-96.871438,(972) 513-5044,https://hoodjbarber.booksy.com/,False,,,,,ChIJ1Sq5LHSRToYRcktIoGD-vrY
Exchange 7272,"7272 Marvin D. Love Fwy, Dallas, TX 75237, USA",apartment_complex,32.658647699999996,-96.8705184,(972) 885-2591,https://www.exchange7272apts.com/?utm_knock=g,False,,,,,ChIJuxWDPwSRToYRuhXyTGsjdNc
Castillo tattoo piercing,"7460 Chesterfield Dr, Dallas, TX 75237, USA",service,32.6567073,-96.8694244,(682) 250-9464,https://instagram.com/castillo_tattoo_piercing?igshid=ZDdkNTZiNTM=,False,,,,,ChIJASQHL9uRToYRlkXRmQubVY8
Mándale,"7550 Cliff Creek Crossing Dr, Dallas, TX 75237, USA",apartment_complex,32.6545296,-96.87044449999999,,,False,,,,,ChIJXcW3LwCZToYRcTahx91kgY0
Progress Institute INC,"7441 Marvin D. Love Fwy #310, Dallas, TX 75237, USA",educational_institution,32.657536,-96.87579900000001,(945) 230-8684,,False,,,,,ChIJedDY_RWRToYRQImdpqAlMe8
Square Business Security,"7441 Marvin D. Love Fwy #310, Dallas, TX 75237, USA",employment_agency,32.657536,-96.87579900000001,(214) 202-5376,,False,,,,,ChIJb0G63_KZToYRqOqp6gNo2q0
LASH LOVE MG,"7450 Chesterfield Dr, Dallas, TX 75237, USA",beauty_salon,32.6573828,-96.86907,(239) 222-2185,https://www.instagram.com/lashlove_mg,False,,,,,ChIJ2XDh2AGRToYR_OGR1emggjI
Kids Foot Locker,"3540 W Camp Wisdom Rd, Dallas, TX 75237, USA",shoe_store,32.659808000000005,-96.87323599999999,(972) 296-6318,https://stores.kidsfootlocker.com/tx/dallas/3540-west-camp-wisdom-road-6864.html,False,,,,,ChIJQ3vOZqqRToYRXM0VexPoYrg
Champs Sports,"3540 W Camp Wisdom Rd, Dallas, TX 75237, USA",shoe_store,32.659808000000005,-96.87323599999999,(972) 283-3445,https://stores.champssports.com/tx/dallas/3540-w-camp-wisdom-road-14395.html,False,,,,,ChIJQ3vOZqqRToYRTxmWO6GYWA8
Harris Funeral Home & Cremations,"3906 W Camp Wisdom Rd, Dallas, TX 75237, USA",funeral_home,32.6612777,-96.88308169999999,(817) 947-7335,https://www.harrisfuneralandcremations.com/,False,,,,,ChIJTSy2GTmRToYRsGqwvmPUGWk
Ericka’s House of Elegance,"3906 W Camp Wisdom Rd Unit 105, Dallas, TX 75237, USA",event_venue,32.661352,-96.8830657,(214) 779-4122,,False,,,,,ChIJnRiTsbKRToYR0z_tKZZ1jYQ
Flourishing Follicles Beauty Salon,"3906 W Camp Wisdom Rd Ste 200, Dallas, TX 75237, USA",beauty_salon,32.661352,-96.8830657,(469) 360-8262,http://www.hairwithmeka.com/,False,,,,,ChIJqSl_L9GRToYR51xGXknZOJI
Chalaki Law,"3906 W Camp Wisdom Rd Unit 105, Dallas, TX 75237, USA",lawyer,32.661352,-96.8830657,(972) 793-8500,https://chalakilaw.com/?utm_source=gbp&utm_medium=Organic&utm_campaign=Dallas,False,,,,,ChIJ7ertPaWRToYRZG1XBXs-0wQ
New Salon Dallas - Hair Stylist,"3906 W Camp Wisdom Rd Ste 200, Dallas, TX 75237, USA",hair_salon,32.661352,-96.8830657,(469) 438-4922,,False,,,,,ChIJbT4KlLKRToYRH5KTKurRgq4
Keys To Love,"3906 W Camp Wisdom Rd, Dallas, TX 75237, USA",medical_center,32.6612714,-96.8829726,(214) 238-0879,,False,,,,,ChIJSbvgjquRToYRZkid2EFdMA8
Metroplex Mortuary Embalming Service,"3906 W Camp Wisdom Rd, Dallas, TX 75237, USA",,32.6616375,-96.88306829999999,(817) 947-7335,,False,,,,,ChIJxziJ7i2RToYRAfCBHdTvRyI
Check N Title Loans,"3906 W Camp Wisdom Rd #101, Dallas, TX 75237, USA",finance,32.6616375,-96.88306829999999,(972) 701-0080,https://www.checkntitle.com/OakCliffCederHillDesoto.html,False,,,,,ChIJ4WH9jquRToYRbjJfIRN5Ngs
Bailey's Furniture,"3910 W Camp Wisdom Rd, Dallas, TX 75237, USA",furniture_store,32.661691999999995,-96.8834443,(972) 283-3152,http://baileysfurnituresite.com/,False,,,,,ChIJx3gid6yRToYRCmGFNYC_vVs
Xclusive Haircuts,"7163 S Westmoreland Rd #1, Dallas, TX 75237, USA",barber_shop,32.6611328,-96.8825378,(214) 838-1729,http://styleseat.com/xclusive_haircuts,False,,,,,ChIJkcwslKuRToYRzcpdwBbTJ-w
Sherwin-Williams Paint Store,"7171 S Westmoreland Rd, Dallas, TX 75237, USA",building_materials_store,32.6609243,-96.88238609999999,(972) 298-4664,https://www.sherwin-williams.com/store-locator/paint-store/dallas/tx/707343?utm_source=google&utm_medium=local_listing&utm_campaign=tag_local_listing,False,,,,,ChIJ3Y7uv6uRToYRNmKVfUjEDy0
Edb Rd Fade Factory & Salon,"Dallas, TX 75237, USA",barber_shop,32.6611315,-96.88230519999999,,,False,,,,,ChIJ8yYblKuRToYRXYUg4O4PsTI
Colters Bar B Que,"3904 W Camp Wisdom Rd, Dallas, TX 75237, USA",barbecue_restaurant,32.661616099999996,-96.882418,(972) 298-3335,http://coltersbbq.com/,False,,,,,ChIJh8bAmauRToYRU3m9m9gvdkc
American Way @ Camp Wisdom - N - NS,"Dallas, TX 75237, USA",bus_station,32.661640399999996,-96.88401119999999,,,False,,,,,ChIJO7TRZKyRToYRyUzNd6qhJ5s
Westmoreland @ Preferred - S - NS,"Dallas, TX 75237, USA",bus_stop,32.660728,-96.88222499999999,,,False,,,,,ChIJkf8X66uRToYRQbufNPG0Grs
Camp Wisdom @ American Way - W - NS,"Dallas, TX 75237, USA",bus_station,32.662129,-96.883888,,,False,,,,,ChIJj4V9fayRToYRIfQFdoIPvOg
Camp Wisdom Carwash,"7171 American Way #7131, Dallas, TX 75237, USA",car_wash,32.6610097,-96.88444469999999,,,False,,,,,ChIJ34jna6yRToYRX7mOKYyffKg
Pep Boys Auto Service & Tires,"4010 W Camp Wisdom Rd, Dallas, TX 75237, USA",tire_shop,32.661581,-96.884446,(972) 590-6842,https://www.pepboys.com/stores/tx/dallas/4010-w-camp-wisdom-rd?Cid=gbp_appt_AN:PB%7CPB:G%7CTT:GBP%7CCG:CONVERSION%7CCD:SERVICE,False,,,,,ChIJ058IaqyRToYRe3usGTCOJK8
AutoZone Auto Parts,"4010 W Camp Wisdom Rd, Dallas, TX 75237, USA",auto_parts_store,32.6615497,-96.8844704,(214) 459-0944,https://www.autozone.com/locations/tx/dallas/4010-w-camp-wisdom-rd.html?cmpid=LOC:US:EN:AD:NL:1000000:GEN:1653,False,,,,,ChIJvVTUn1qRToYR4j7E2ZDVD_0
Camp Wisdom @ American Way - E - NS,"Dallas, TX 75237, USA",bus_station,32.661922,-96.88429500000001,,,False,,,,,ChIJ5XXLY6yRToYRv2jj_hfVR-k
Katy BEAUTY SUPPLY,"Dallas, TX 75237, USA",store,32.662700799999996,-96.8834667,,,False,,,,,ChIJW8j2gqyRToYRzwUG6I480tE
Rita's Couture,"3917 W Camp Wisdom Rd #106, Dallas, TX 75237, USA",clothing_store,32.662773,-96.88351139999999,(469) 881-4025,,False,,,,,ChIJ8bg4oKuRToYRwLqh8sLwKT0
Camp's Jewelry & Loan,"4007 W Camp Wisdom Rd, Dallas, TX 75237, USA",service,32.6623697,-96.8844913,(972) 296-0069,http://campspawnshop.wixsite.com/camps,False,,,,,ChIJ-7y7i6yRToYRpl94YdPfa-A
Wisdom Food Mart,"3917 W Camp Wisdom Rd, Dallas, TX 75237, USA",grocery_store,32.6627946,-96.8838155,(336) 768-8690,,False,,,,,ChIJlVYng6yRToYRv61Tuv6ISJw
Rent Tire,"4017 W Camp Wisdom Rd, Dallas, TX 75237, USA",tire_shop,32.662236299999996,-96.8850712,(214) 948-6665,https://www.rentawheel.com/,False,,,,,ChIJkUd99qyRToYRnvsNzDFqumM
RAW Wheels & Tires,"4017 W Camp Wisdom Rd, Dallas, TX 75237, USA",tire_shop,32.6623442,-96.885063,(214) 948-6665,https://locations.rentawheel.com/tx/dallas/4017-w.-camp-wisdom-road,False,,,,,ChIJbyN71yoeTIYRMma7w8MC3Dc
Legendary Art Tattoo Studio,"4027 W Camp Wisdom Rd, Dallas, TX 75237, USA",store,32.662296999999995,-96.8852629,(469) 888-9279,https://www.instagram.com/legendaryarttattoostudio/,False,,,,,ChIJ7-MSOoSRToYRkQXtezcP1gs
All or Nothing Co,"7010 American Way, Dallas, TX 75237, USA",clothing_store,32.6632506,-96.8836599,(214) 931-3004,https://all-or-nothing-co.ueniweb.com/?utm_campaign=gmb,False,,,,,ChIJe6DZtHCRToYRcjh9oDBq2Ng
SkullFace Inc.,"7010 American Way Ste C, Dallas, TX 75237, USA",store,32.6632506,-96.8836599,,,False,,,,,ChIJ6YGI-H2RToYRXWFNQ8sJd4A
Audacious Activity,"7010 American Way Ste H, Dallas, TX 75237, USA",clothing_store,32.6632507,-96.88365979999999,(945) 259-4688,https://audaciousactivity.com/,False,,,,,ChIJ1UJnAVWRToYRGSbEuCRpzCU
True Texas Productions,"7010 American Way Ste H, Dallas, TX 75237, USA",store,32.6632507,-96.88365979999999,(214) 944-7696,,False,,,,,ChIJ16zcqaeRToYRSbmq66bURHQ
Metro by T-Mobile,"4022 W Camp Wisdom Rd, Dallas, TX 75237, USA",cell_phone_store,32.6614875,-96.8856735,(469) 577-1538,https://www.metrobyt-mobile.com/stores/bd/metro-by-t-mobile-dallas-tx-10294011/?utm_source=google&utm_medium=lastmile&utm_campaign=39321,False,,,,,ChIJQT1GWKyRToYRnzq9jApmzgc
Soda And Snack,"4020 W Camp Wisdom Rd, Dallas, TX 75237, USA",convenience_store,32.6614807,-96.8856971,(972) 373-4356,,False,,,,,ChIJ43DQHp2RToYRs1IcdGVQtkc
Firestone Complete Auto Care,"3720 W Camp Wisdom Rd, Dallas, TX 75237, USA",tire_shop,32.6613627,-96.880594,(972) 863-0230,https://www.firestonecompleteautocare.com/texas/dallas/3720-w-camp-wisdom-rd/?utm_source=google&utm_medium=organic&utm_campaign=localmaps&cmp=oloc_google_localmaps_maps,False,,,,,ChIJsYrdW6qRToYR9D7p5mJLtqA
Bridgestone,"Dallas, TX 75237, USA",tire_shop,32.6615682,-96.880591,,,False,,,,,ChIJb4T_S6qRToYRUYSmOgDxT0Y
China King Super Buffet II,"3907 W Camp Wisdom Rd, Dallas, TX 75237, USA",chinese_restaurant,32.6624552,-96.88302039999999,(972) 572-6188,http://www.china-king-super-buffet.com/,False,,,,,ChIJSYoagqyRToYRfeoPeYSIrxk
So Clucking Good Cajun Wings,"3917 W Camp Wisdom Rd Ste 103, Dallas, TX 75237, USA",restaurant,32.6627273,-96.88330839999999,(972) 365-1941,,False,,,,,ChIJwZ5JOw2RToYR9BoY5mJNaXg
Chuck E. Cheese,"7110 S Westmoreland Rd, Dallas, TX 75237, USA",amusement_center,32.660737499999996,-96.88147339999999,(972) 298-7973,https://www.chuckecheese.com/dallas-redbird,False,,,,,ChIJZXXJx6uRToYR0RqRkDcoX8o
The Soul Food Train dba The Bo-Legged Turkey,"3917 W Camp Wisdom Rd Ste 108 # 239, Dallas, TX 75237, USA",restaurant,32.6627704,-96.88344,(469) 960-9945,http://thesoulfoodtrain.com/,False,,,,,ChIJ-yULBTyRToYRSnLdTDeqEiQ
Kongo’s Kitchen,"3917 W Camp Wisdom Rd, Dallas, TX 75237, USA",fast_food_restaurant,32.662884999999996,-96.88389049999999,,,False,,,,,ChIJaWru2caRToYRoGMe9TB_7fk
Golden Chick,"3789 W Camp Wisdom Rd, Dallas, TX 75237, USA",fast_food_restaurant,32.6622699,-96.88134540000001,(214) 238-0841,http://locations.goldenchick.com/tx/dallas/1330/?utm_source=Google&utm_medium=Organic&utm_campaign=Maps,False,,,,,ChIJhVl9na6RToYRc8LD_I07InE
Hall's Honey-Fried Chicken,"4105 W Camp Wisdom Rd, Dallas, TX 75237, USA",chicken_restaurant,32.6623169,-96.8860885,(469) 372-2600,http://www.hallshoneyfriedchickendtx.com/,False,,,,,ChIJya1nAK2RToYRr3quk7cPDkM
Mo's Italian Bistro,"3704 W Camp Wisdom Rd #100, Dallas, TX 75237, USA",italian_restaurant,32.6616275,-96.8797244,(972) 803-6360,http://www.mositalianbistro.com/,False,,,,,ChIJrcgxvT2RToYRYbgLKq4wOSM
Breakfast Brothers,"3704 W Camp Wisdom Rd #110, Dallas, TX 75237, USA",breakfast_restaurant,32.6616275,-96.8797244,(469) 829-6670,https://www.breakfastbrothers.com/,False,,,,,ChIJ08Pfeg-RToYREfMFJXUcVDg
SAX,"4107 W Camp Wisdom Rd #225, Dallas, TX 75237, USA",restaurant,32.6632398,-96.8860761,(972) 863-8220,http://www.saxdtx.com/?utm_source=google&utm_medium=wix_google_business_profile&utm_campaign=406232871043301473,False,,,,,ChIJq32f08SRToYR3Mj8cm1htbc
Tadassy Caribbean Eatz,"4107 W Camp Wisdom Rd #239, Dallas, TX 75237, USA",restaurant,32.663272,-96.88657099999999,(570) 534-1107,http://www.tadassycaribbeaneatz.com/,False,,,,,ChIJgwA1UryRToYRAyO7oef44Nc
Cookies N Smoothies,"3662 W Camp Wisdom Rd, Red Bird Mall STE 1070, Dallas, TX 75237, USA",american_restaurant,32.661998499999996,-96.87904329999999,(469) 751-2793,http://cookiesnsmoothies.com/,False,,,,,ChIJoVP3VlKRToYR7F6xlWH-d64
Krystallin Hair Studio,"3917 W Camp Wisdom Rd #101, Dallas, TX 75237, USA",hair_salon,32.6627704,-96.88344,(512) 814-7871,,False,,,,,ChIJUwx8OjuRToYReU8_SxGx9yM
Dallas Hair Bar,"3917 W Camp Wisdom Rd #101, Dallas, TX 75237, USA",hair_salon,32.6627704,-96.88344,,,False,,,,,ChIJKarKv8SRToYROHDYqw2aCuE
Massa Magic Hands African Hair Braiding,"3917 W Camp Wisdom Rd #106, Dallas, TX 75237, USA",hair_salon,32.662773,-96.88351139999999,(469) 226-0662,,False,,,,,ChIJze_hMDiRToYR_3atk1s_1XE
The Headquarters Deluxe Studios,"7010 American Way suiteB, Dallas, TX 75237, USA",hair_salon,32.6632506,-96.8836599,(214) 457-0377,,False,,,,,ChIJx-LVWdKRToYRkUnuYkWiiho
Flava Hair Salon,"7010 American Way Ste A1, Dallas, TX 75237, USA",hair_salon,32.6632507,-96.88365979999999,(214) 486-9474,http://flavahairsalon.booksy.com/,False,,,,,ChIJ_UdRmiaRToYR6F7urhiZAdQ
American Plaza,"7010 American Way, Dallas, TX 75237, USA",real_estate_agency,32.6632507,-96.88365979999999,(214) 395-4948,,False,,,,,ChIJaWBmmayRToYRmLZUhqQw6ig
Hadi saleh,"3777 W Camp Wisdom Rd, Dallas, TX 75237, USA",hair_salon,32.6629909,-96.88097409999999,,,False,,,,,ChIJYzUpJwCRToYRJhO49ybI5IY
The Hair Depot,"3777 W Camp Wisdom Rd, Dallas, TX 75237, USA",store,32.6633037,-96.88104960000001,(469) 317-7106,https://www.thehairdepottexas.com/?utm_source=google&utm_medium=wix_google_business_profile&utm_campaign=3540203823394169063,False,,,,,ChIJCa7L69eRToYR2LYvdgRZLeE
Zayy stylez,"3777 W Camp Wisdom Rd, Dallas, TX 75237, USA",hair_salon,32.6632597,-96.8809258,(945) 280-8883,http://zayystylez.booksy.com/,False,,,,,ChIJlXjv9riRToYRkq34BxhGMXw
Casa Azul Apartments,"4060 Preferred Pl apt 122, Dallas, TX 75237, USA",condominium_complex,32.6602374,-96.88637340000001,(682) 400-1087,https://casaazulapartments.com/?switch_cls[id]=88265,False,,,,,ChIJSbCQ1K2RToYRrHIN3JLiiV8
That’s Jazzy,"3729 W Camp Wisdom Rd, Dallas, TX 75237, USA",hair_salon,32.6632508,-96.8804376,,https://www.vagaro.com/thatsjazzy/book-now,False,,,,,ChIJ1UJYaQCRToYRO4X61qTH2cY
"Real Hair Beauty Bar, LLC","3729 W Camp Wisdom Rd, Dallas, TX 75237, USA",hair_salon,32.6632508,-96.8804376,(469) 223-3174,,False,,,,,ChIJ-1iSTQeRToYR7uh9e9akoFg
BraidsByAzha,"3715 W Camp Wisdom Rd Ste B, Dallas, TX 75237, USA",hair_salon,32.66331480000001,-96.8800888,(682) 458-4247,https://braidsbyazha.styleseat.com/,False,,,,,ChIJFzEdfuiRToYR6c10Hv5MVjI
Stargill Charlotte MD,"7010 American Way # D, Dallas, TX 75237, USA",doctor,32.6631626,-96.8834195,(972) 283-1951,,False,,,,,ChIJ7yrsnayRToYRh9CyAGb6_-Y
Wow Dental,"3704 W Camp Wisdom Rd Ste 120 Suite 120, Dallas, TX 75237, USA",dentist,32.6616275,-96.87972359999999,(972) 709-4867,https://www.mywowdental.com/,False,,,,,ChIJ67H6AQGRToYRCaC83PRQfr0
The Center for Vision Health,"3717 W Camp Wisdom Rd, Dallas, TX 75237, USA",doctor,32.6633877,-96.88012529999999,(214) 828-4600,https://centerforvisionhealth.org/,False,,,,,ChIJXfFT85yRToYRTom-ihXTsso
Yongying Luxury Automotive Sales Company,"3662 W Camp Wisdom Rd, Dallas, TX 75237, USA",car_dealer,32.6612349,-96.8778459,,,False,,,,,ChIJMWbPEwCRToYRDbJT62knVZM
Raw Bloom Studio,"3662 W Camp Wisdom Rd, Dallas, TX 75237, USA",beauty_salon,32.6612349,-96.8778459,(469) 994-7942,,False,,,,,ChIJX1ZvmwyRToYRF2NKbBjQsr8
Beverly luxury jewlers,"3662 W Camp Wisdom Rd, Dallas, TX 75237, USA",jewelry_store,32.6612349,-96.8778459,(214) 272-3778,https://www.facebook.com/marketplace/profile/61570475371568/?ref=permalink&mibextid=6ojiHh,False,,,,,ChIJPa0A-ISRToYR6yCVvDqC6kU
Tattoo.man.james,"3662 W Camp Wisdom Rd, Dallas, TX 75237, USA",store,32.6612349,-96.8778459,(817) 333-4625,,False,,,,,ChIJHxiRkdSRToYRQtXcAO31QDQ
Foot Locker,"3540 W Camp Wisdom Rd, Dallas, TX 75237, USA",shoe_store,32.6610807,-96.8778025,(972) 296-8576,https://stores.footlocker.com/tx/dallas/3540-w-camp-wisdom-road-25018.html,False,,,,,ChIJQ3vOZqqRToYRfbWeD4vQqmE
Starbucks,"3620 W Camp Wisdom Rd, Dallas, TX 75237, USA",coffee_shop,32.66177,-96.87853000000001,(972) 780-5561,https://www.starbucks.com/store-locator/store/1023632,False,,,,,ChIJJxBedLyRToYRenVkaYa-T-w
"Notary Public Morris ""Mo"" Brothers (Mobile Service)","3620 W Camp Wisdom Rd, Dallas, TX 75237, USA",finance,32.661876899999996,-96.87855549999999,(469) 389-0407,,False,,,,,ChIJiUf5CHCRToYRT3Y2zoHCEXA
Wright Resource Group,"3560 W Camp Wisdom Rd, Dallas, TX 75237, USA",point_of_interest,32.6621574,-96.8781449,(214) 762-4822,https://wrightresourcegroup.com/,False,,,,,ChIJq6qa4lmcToYRPEHwaxsjXOA
"Pluto Global Group, LLC（PGG）","W Camp Wisdom Rd, Dallas, TX 75237, USA",car_dealer,32.6602961,-96.8781387,,,False,,,,,ChIJM86aZACRToYRrzphHvJIH9s
Chick-fil-A,"3502 W Camp Wisdom Rd, Dallas, TX 75237, USA",fast_food_restaurant,32.662182099999995,-96.87728609999999,(214) 736-3085,https://www.chick-fil-a.com/locations/tx/redbird?utm_source=google&utm_medium=gmb,False,,,,,ChIJD_5P64mRToYRwolqFyC8fOQ
Camp Wisdom @ Del Rey - E - NS,"Dallas, TX 75237, USA",bus_stop,32.662101,-96.87859399999999,,,False,,,,,ChIJwaOjfKqRToYRrprdC4cA6EM
Camp Wisdom @ Del Rey - W - NS,"Dallas, TX 75237, USA",bus_stop,32.662372,-96.878266,,,False,,,,,ChIJt_4TfqqRToYRCXTRIed-CzU
MOTION AUTOMOTIVE,"3482 W Camp Wisdom Rd, Dallas, TX 75237, USA",car_repair,32.662129199999995,-96.87689429999999,(972) 780-8700,http://www.motionautomotive.us/,False,,,,,ChIJp7PbZ0aRToYRTm8NmPBJSDk
Liqui Moly,"3482 W Camp Wisdom Rd suite 100, Dallas, TX 75237, USA",tire_shop,32.6622275,-96.8769147,,,False,,,,,ChIJO1O9iwCRToYRcWjMvGuuu_A
earth essence herbals,"3662 W Camp Wisdom Rd, Dallas, TX 75237, USA",store,32.661998499999996,-96.87904329999999,(214) 864-9728,,False,,,,,ChIJQ9s_cxGRToYRKguwkIrVJ7o
Eye Finesse,"3662 W Camp Wisdom Rd, Dallas, TX 75237, USA",shopping_mall,32.661998499999996,-96.87904329999999,,,False,,,,,ChIJYVgEYgCRToYRZzt9qBYFYIE
Wisdom Counselors LLC,"3662 W Camp Wisdom Rd, Dallas, TX 75237, USA",health,32.661998499999996,-96.87904329999999,(802) 379-9318,https://www.wisdomcounselors.com/contact-us-2/,False,,,,,ChIJ__-P_KmRToYRoCW8snDmS84
SNIPES,"3662 W Camp Wisdom Rd Space 1047, Dallas, TX 75237, USA",shoe_store,32.661998499999996,-96.87904329999999,(469) 902-5159,https://stores.snipesusa.com/tx/dallas/3662-west-camp-wisdom-rd-2110.html?utm_source=rio&utm_medium=maps&utm_campaign=store-locator,False,,,,,ChIJQ3vOZqqRToYRvQXGFJ2OfPE
Da Reel Boudin Spot,"3662 W Camp Wisdom Rd # 2013, Dallas, TX 75237, USA",association_or_organization,32.6619743,-96.8791079,(972) 296-2999,,False,,,,,ChIJpXvOZqqRToYRuHna-C4i9rM
H&N auto sales,"3482 W Camp Wisdom Rd suit 100, Dallas, TX 75237, USA",car_dealer,32.6622513,-96.8768473,(682) 449-3516,http://handnautosales.com/,False,,,,,ChIJL1mYiwCRToYRkQEkTpGwIPA
Wireless Stop & Fragrances,"Inside RedBird Mall, 3662 W Camp Wisdom Rd #1067, Dallas, TX 75237, USA",service,32.6598389,-96.87721739999999,(972) 803-6505,,False,,,,,ChIJ_TirhXKRToYRh6pnnn463FY
BROOKLYN DALLAS DIAMONDS,"3662 W Camp Wisdom Rd #1065, Dallas, TX 75237, USA",jewelry_store,32.6600292,-96.87669550000001,(972) 707-0530,http://instagram.com/brooklynjewelersmike,False,,,,,ChIJj_j_HrqRToYRqxCmaocwYmU
Stuff Clearance Store,"3647 W Camp Wisdom Rd, Dallas, TX 75237, USA",discount_store,32.6625492,-96.8790155,(469) 372-6430,http://stuffcstore.com/?utm_source=gmb&utm_medium=referral,False,,,,,ChIJXx-ttXORToYR28dAw6ilnaE
Air Brush,"Red Bird Mall, Dallas, TX 75237, USA",clothing_store,32.659759099999995,-96.8770649,,,False,,,,,ChIJkVtWawCRToYRpz251DrFuBg
Fino A Gentleman Clothier,"3662 W Camp Wisdom Rd #1051, Dallas, TX 75237, USA",clothing_store,32.6596426,-96.8774408,(214) 741-7259,,False,,,,,ChIJxWhurhiZToYRvtdO76sQScM
George Clothing,"3662 W Camp Wisdom Rd #1055, Dallas, TX 75237, USA",clothing_store,32.659675199999995,-96.87728489999999,(972) 283-5803,,False,,,,,ChIJpXvOZqqRToYR0UMEQMM0AOk
Urban Connections,"3662 W Camp Wisdom Rd #1053, Dallas, TX 75237, USA",clothing_store,32.6596563,-96.8773621,(972) 283-1160,http://www.urbanconnection.shop/,False,,,,,ChIJpXvOZqqRToYRz6oBQaMRbLo
Gen X,"3662 W Camp Wisdom Rd #1073, Dallas, TX 75237, USA",clothing_store,32.6598268,-96.8767869,(972) 283-2800,http://gogenx.com/,False,,,,,ChIJmVAs_rKRToYRMEMJeCwTa5w
SHOPS AT REDBIRD,"3662 W Camp Wisdom Rd, Dallas, TX 75237, USA",shopping_mall,32.6602891,-96.8767615,,https://shopsatredbird.com/?fbclid=PAAaZ3ytwo0eXA2Iq0AExJKDLKNoiMlIvo25MCHkN3PqTq8SlYIaL2vceIS0k_aem_ASqukCt8AEZM3P5IiQMpozmT4IWJoU6JhAOcnPhoZHeQgoLiipcUbChSXYF9Ok7qLCI,False,,,,,ChIJheSsyiaRToYR41-BiP96tbc
Daq & Mag Daiquiri's,"3431 W Camp Wisdom Rd, Dallas, TX 75237, USA",restaurant,32.6628387,-96.876964,(469) 730-2005,https://www.toasttab.com/daq-and-mag-daiquiris-3431-west-camp-wisdom-road,False,,,,,ChIJYRNSXJ2RToYRQlGOwtvobEg
Wingstop,"3420 W Camp Wisdom Rd Ste 130, Dallas, TX 75237, USA",chicken_wings_restaurant,32.6621595,-96.8758587,(972) 296-9464,https://www.wingstop.com/location/wingstop-5-dallas-tx-75237/menu?y_source=1_NTUyMDczMjMtNzE1LWxvY2F0aW9uLndlYnNpdGU%3D,False,,,,,ChIJ_TRdrAGRToYRtS-p5WF5V8U
KFC,"3415 W Camp Wisdom Rd, Dallas, TX 75237, USA",chicken_restaurant,32.6629737,-96.87629849999999,(972) 388-3907,https://locations.kfc.com/tx/dallas/3415-w-camp-wisdom-rd,False,,,,,ChIJM7RnWQCRToYRROTJ7Amj6jo
JJ Fish & Chicken,"3302 W Camp Wisdom Rd, Dallas, TX 75237, USA",seafood_restaurant,32.6622379,-96.87476060000002,(972) 780-1885,,False,,,,,ChIJr-1aDwGRToYRiCVghRpaAeQ
Pizza Hut,"3333 W Camp Wisdom Rd #116, Dallas, TX 75237, USA",pizza_delivery,32.663092,-96.8751401,(972) 709-1173,https://locations.pizzahut.com/tx/dallas/3333-w-camp-wisdom-rd?utm_medium=organic&utm_source=local&utm_campaign=googlelistings&utm_content=website&utm_term=284276,False,,,,,ChIJMQTUBwGRToYRfAyZJrlMwhw
BOOM SHACK,"3333 W Camp Wisdom Rd #118, Dallas, TX 75237, USA",cajun_restaurant,32.663103299999996,-96.875081,(214) 272-9055,https://boomcajunshack.com/,False,,,,,ChIJn60jPBORToYRi8p6mLb6FBM
Alipearl Hair Dallas,"3333 W Camp Wisdom Rd Ste . 102, Dallas, TX 75237, USA",store,32.6630196,-96.87554519999999,(214) 952-8117,https://alipearlhair.com/,False,,,,,ChIJ4XQEN7aRToYRl1NgOQ9WelA
Suzanne Cole MD,"3450 W Camp Wisdom Rd, Dallas, TX 75237, USA",doctor,32.6598705,-96.875764,(214) 645-4673,https://utswmed.org/doctors/suzanne-cole/?utm_medium=organic&utm_source=google&utm_campaign=gbp&utm_content=website,False,,,,,ChIJJ5RtguqRToYR4OT6o67cmoI
Divine Touch African Hair Braiding & Weaving,"7111 Marvin D. Love Fwy #216, Dallas, TX 75237, USA",hair_salon,32.6612181,-96.8721108,(469) 735-2285,https://divinetouchafricanhairbraiding.com/,False,,,,,ChIJ67cJa8qRToYRqyryvd7lAH8
Grace Banquet Hall,"7111 Marvin D. Love Fwy #105, Dallas, TX 75237, USA",event_venue,32.6614223,-96.8721759,(972) 780-2999,,False,,,,,ChIJk89k8nYtjoARBURSk2tZgC0
Onward Shipping & Clearing Services,"7111 Marvin D. Love Fwy #105, Dallas, TX 75237, USA",shipping_service,32.6614223,-96.8721759,(972) 283-6898,https://www.onwardshipping.com/,False,,,,,ChIJ60AYjQORToYRkIHdRBApLSM
Much Moore Salon & Boutique,"7111 Marvin D. Love Fwy, Dallas, TX 75237, USA",hair_salon,32.661248199999996,-96.8720821,(972) 283-2030,,False,,,,,ChIJdYZj2wORToYRnvJfuJ1mJxk
Planet Fitness,"3200 W Camp Wisdom Rd, Dallas, TX 75237, USA",gym,32.661361299999996,-96.8729064,(214) 216-1957,https://www.planetfitness.com/gyms/dallas-camp-wisdom-tx?utm_medium=organic&utm_source=extnet,False,,,,,ChIJKxcKfQGRToYRAKrfyMkE1ws
Dallas - Redbird Corners,"7111 Marvin D. Love Fwy, Dallas, TX 75237, USA",health,32.6615545,-96.8720669,(972) 362-5976,,False,,,,,ChIJkd-f2wORToYRvHAeumFwElU
Advanced Dallas Hospital and Clinics,"7125 Marvin D. Love Fwy, Dallas, TX 75237, USA",corporate_office,32.6607924,-96.8727851,,,False,,,,,ChIJIRPDZgCRToYR8oa3HOBlE9Q
CONNECT-HEAVEN IPMINISTRY,"7125 Marvin D. Love Fwy Ste 211, Dallas, TX 75237, USA",place_of_worship,32.6607549,-96.87294700000001,(940) 344-5117,,False,,,,,ChIJ1YJ9fiORToYRtCs10c4eeu0
Kepmer,"7125 Marvin D. Love Fwy #107, Dallas, TX 75237, USA",government_office,32.6607547,-96.87294729999999,,,False,,,,,ChIJ5wj5GACRToYR_SsrHNa6CG0
Dr. Candice Addison,"7125 Marvin D. Love Fwy #107, Dallas, TX 75237, USA",chiropractor,32.6607571,-96.8729618,(972) 362-9008,,False,,,,,ChIJ85mIWQGRToYR_BYIlMsUEcY
"Scott Schmidt, BSN-RN, MSN-FNP","7125 Marvin D. Love Fwy #107, Dallas, TX 75237, USA",chiropractor,32.6607571,-96.8729618,(972) 362-9008,,False,,,,,ChIJ85mIWQGRToYRtUmRJt6Eb1Y
"Chad Dugas, NP-C","7125 Marvin D. Love Fwy #107, Dallas, TX 75237, USA",doctor,32.6607571,-96.8729618,(972) 332-5029,,False,,,,,ChIJ85mIWQGRToYREYPNlAmpCWA
"Robert A. Helsten, MD","7125 Marvin D. Love Fwy #107, Dallas, TX 75237, USA",doctor,32.6607571,-96.8729618,(972) 332-5029,,False,,,,,ChIJ85mIWQGRToYR-U9SdeeSqc8
THA PALACE SALON,"7111 Marvin D. Love Fwy, Dallas, TX 75237, USA",point_of_interest,32.661779300000006,-96.8720938,,,False,,,,,ChIJc6ELbEyRToYRXeE_FciNCo0
The Ivy League Child Development Center,"7111 Marvin D. Love Fwy #210, Dallas, TX 75237, USA",child_care_agency,32.6617804,-96.8720939,(214) 954-7619,http://www.theivyleaguecdc.org/?utm_source=Google&utm_medium=gmb&utm_campaign=gmb,False,,,,,ChIJOdHawCeRToYRM2VDASJV26A
Back & Neck Pain Center,"7125 Marvin D. Love Fwy, Dallas, TX 75237, USA",medical_clinic,32.6607411,-96.87294329999999,,,False,,,,,ChIJdcpzWAGRToYR0up5GP5onlo
Kemper Life,"7125 Marvin D. Love Fwy #305, Dallas, TX 75237, USA",consultant,32.660758,-96.8729803,(972) 283-4600,https://local.kemper.com/tx/dallas/7125-marvin-d-love-fwy,False,,,,,ChIJdcpzWAGRToYRikrNIOXDBvs
Chen Eugene OD,"7111 Marvin D. Love Fwy #101, Dallas, TX 75237, USA",medical_clinic,32.6618354,-96.8721517,(972) 298-5379,http://pearlevision.com/,False,,,,,ChIJkd-f2wORToYRoCVH9kURNOk
Unique Touch Income Tax Service,"7125 Marvin D. Love Fwy #201, Dallas, TX 75237, USA",consultant,32.660744,-96.87299469999999,(214) 371-5334,http://www.uniquetouchtaxservice.com/,False,,,,,ChIJ18A9ylOXToYRRzkho4UW8DI
gottagetacdl,"7125 Marvin D. Love Fwy #107, Dallas, TX 75237, USA",transportation_service,32.6607584,-96.8730164,(469) 501-6581,,False,,,,,ChIJnVcwWgGRToYRPiRzBBb4Zmc
Food Mart,"3102 W Camp Wisdom Rd, Dallas, TX 75237, USA",convenience_store,32.661627200000005,-96.871371,(318) 200-7055,,False,,,,,ChIJYTZevwORToYRJph4DcmPe30
True Breed,"Marvin D. Love Fwy, Dallas, TX 75237, USA",clothing_store,32.6622868,-96.8704613,,,False,,,,,ChIJfz-ZFt6RToYRj5Wdl_npryQ
Maxam Graphics,"3217 W Camp Wisdom Rd, Dallas, TX 75237, USA",manufacturer,32.663272899999996,-96.87306939999999,(972) 544-6333,http://www.maxamgraphics.com/,False,,,,,ChIJCVw6d1aRToYR68WeNKcZ0VQ
Fragrances R US,"3306 W Camp Wisdom Rd, Dallas, TX 75237, USA",clothing_store,32.6622291,-96.87526050000001,(972) 709-7758,,False,,,,,ChIJ67H6AQGRToYRQiipujYsTdk
Cricket Wireless Authorized Retailer,"3306 W Camp Wisdom Rd Ste 120, Dallas, TX 75237, USA",cell_phone_store,32.6622169,-96.8753278,(972) 283-1103,https://www.cricketwireless.com/stores/tx/dallas/3306-w-camp-wisdom-rd-ste-120?utm_source=Google&utm_medium=Organic_Search&utm_campaign=Yext_Listings,False,,,,,ChIJgXsbAgGRToYRsJ_HMovq11g
Amini's Suit & Shoe Wearhouse,"3308 W Camp Wisdom Rd, Dallas, TX 75237, USA",clothing_store,32.6622845,-96.87543869999999,(972) 296-0800,https://www.redbirdpix.com/red-bird-pix-suits-aminis-suit-and-shoe-warehouse/,False,,,,,ChIJ4cf0CQGRToYRkRVZGjGnzv8
Family Dollar,"Red Bird Towers Shopping Cente, 3249 W Camp Wisdom Rd, Dallas, TX 75237, USA",discount_store,32.663834,-96.8734739,(945) 279-2894,https://locations.familydollar.com/tx/dallas/3249-w-camp-wisdom-rd?utm_source=google&utm_medium=organic&utm_campaign=maps,False,,,,,ChIJ527rdwGRToYRgNjeV0NlZtI
SuperTrendy beauty supply,"3255 W Camp Wisdom Rd, Dallas, TX 75237, USA",store,32.6638307,-96.8736761,(469) 456-7714,,False,,,,,ChIJm-BJsy-RToYRBgAbTnPBwr4
Every Car Can - Car Donation and Auction,"7100 Marvin D. Love Fwy, Dallas, TX 75237, USA",association_or_organization,32.661623399999996,-96.86908629999999,(866) 835-5437,http://www.everycarcan.org/,False,,,,,ChIJw59zC52HToYR1Egt0zrwdrw
Sportshoe DFW Inc,"3333 W Camp Wisdom Rd Ste 124, Dallas, TX 75237, USA",shoe_store,32.663091099999995,-96.8751853,(214) 398-0422,,False,,,,,ChIJcxdgDkejToYRe7nE0XwYPPA
Total Wireless,"3333 W Camp Wisdom Rd Ste 104, Dallas, TX 75237, USA",cell_phone_store,32.6630985,-96.8751826,(214) 377-8412,https://www.totalbyverizon.com/stores/tx/dallas/3333-w-camp-wisdom-rd?utm_source=google&utm_medium=GMB&utm_campaign=list,False,,,,,ChIJdyWIggqRToYR83E6L_En9Q0
Lonestar Metro Motors,"7100 Marvin D. Love Fwy, Dallas, TX 75237, USA",car_dealer,32.661409899999995,-96.8689845,(972) 559-9742,,False,,,,,ChIJm2lL3LqRToYRe_xnDcRNGes
AT&T Store,"3420 W Camp Wisdom Rd Ste 150, Dallas, TX 75237, USA",cell_phone_store,32.6621595,-96.8758587,(972) 920-9230,https://www.att.com/stores/texas/dallas/293800?source=E-g2s10000000000X&wtExtndSource=stores,False,,,,,ChIJMXbUPByRToYRBT9RPlmsbao
Auntie Anne's,"3420 W Camp Wisdom Rd Ste 100, Dallas, TX 75237, USA",bakery,32.6622266,-96.87586879999999,(972) 982-0066,https://locations.auntieannes.com/tx/dallas/3420-west-camp-wisdom-road?utm_source=google&utm_medium=organic&utm_campaign=locations_partner,False,,,,,ChIJeZguyz2RToYRGn8ZOroO1UI
Carmichael Surgical Pa,"7005 Pastor Bailey Dr, Dallas, TX 75237, USA",store,32.6635996,-96.8747244,(972) 296-0202,,False,,,,,ChIJjRfbsAGRToYRul_7Pwvwo6I
UT Southwestern RedBird Retail Pharmacy,"3450 W Camp Wisdom Rd Ste 1.510, Dallas, TX 75237, USA",pharmacy,32.6598705,-96.875764,(469) 372-6101,https://utswmed.org/patient-resources/pharmacy/pharmacy-locations/,False,,,,,ChIJtSsi7KGRToYRHUkZCbMKMdg
Tacos Y Banquetes Estilo Tejupilco,"3102 W Camp Wisdom Rd, Dallas, TX 75237, USA",mexican_restaurant,32.6618705,-96.8712901,(214) 530-7982,,False,,,,,ChIJO2f29WSRToYRl9TjePcvgNI
Mickle Cajun Kitchen,"3203 W Camp Wisdom Rd, Dallas, TX 75237, USA",restaurant,32.662814499999996,-96.8728563,(469) 399-0007,https://www.micklecajunkitchen.com/,False,,,,,ChIJgz9ygQGRToYRQmeO14FPBc8
Java Lavender Coffee & Music Lounge,"3207 W Camp Wisdom Rd, Dallas, TX 75237, USA",restaurant,32.6629261,-96.87298559999999,(972) 884-5282,,False,,,,,ChIJXY6woECRToYRn6phPYAkX0Y
Grandma's Country Kitchen,"7035 Marvin D. Love Fwy, Dallas, TX 75237, USA",restaurant,32.6626267,-96.87065009999999,(214) 272-8237,https://www.grandmasgck.com/,False,,,,,ChIJ-aJvjo-RToYRHK1ThlbE_uI
Get Carrie’d Away,"3265 W Camp Wisdom Rd, Dallas, TX 75237, USA",hair_salon,32.6638628,-96.8739283,(708) 916-3241,https://getcarriedaway.booksy.com/,False,,,,,ChIJzSCM8cqRToYROux4CnSz8vw
Dallas CareerAcademy,"3265 W Camp Wisdom Rd, Dallas, TX 75237, USA",educational_institution,32.6638628,-96.8739283,(469) 422-6273,https://www.dallaslashacademy.com/,False,,,,,ChIJsf9GlAGRToYRUbSs26gVer4
"Star Treatment Healthcare Services and Med Spa, PLLC","7125 Marvin D. Love Fwy Ste. 207, Dallas, TX 75237, USA",doctor,32.6607566,-96.87301819999999,(469) 709-8237,,False,,,,,ChIJ6Q1OFy2RToYR7tK-ownqyr4
"Star Healthcare Services and Med Spa: Andrea Beavers, PA-C","7125 Marvin D. Love Fwy Ste. 207, Dallas, TX 75237, USA",doctor,32.6607566,-96.87301819999999,(469) 709-8237,,False,,,,,ChIJ2wzpv6CRToYR70LRVfgj39E
Dr. Rudders Office,"7125 Marvin D. Love Fwy, Dallas, TX 75237, USA",doctor,32.6607565,-96.8730183,(844) 300-6900,,False,,,,,ChIJkZhgkdSRToYRM95LHLmE6xQ
Samuel L Ramos DDS,"7125 Marvin D. Love Fwy #203, Dallas, TX 75237, USA",dentist,32.6607565,-96.8730183,(972) 298-1050,http://www.drsamuelramos.com/,False,,,,,ChIJdcpzWAGRToYRBzRGXdgn7Io
Taylor Thad DDS,"7125 Marvin D. Love Fwy #360, Dallas, TX 75237, USA",dentist,32.6607565,-96.8730183,(972) 572-4600,,False,,,,,ChIJdcpzWAGRToYR7UkzvlEE8cg
"Dr. Brian Rogers, DO","7125 Marvin D. Love Fwy #107, Dallas, TX 75237, USA",doctor,32.6607315,-96.8729998,(972) 572-5000,,False,,,,,ChIJ25VI9AORToYRSYrfJOWv23g
CenterWell Senior Primary Care,"3209 W Camp Wisdom Rd, Dallas, TX 75237, USA",doctor,32.662920899999996,-96.8730946,(469) 457-2694,https://www.centerwellprimarycare.com/en/locations/dallas-fort-worth/redbird.html?utm_medium=businesslistings&utm_campaign=gmb_dfw_online-listings_en_digital_evergreen,False,,,,,ChIJpVhRnh-RToYRs8TyuJm2wRM
"Nnyekaa Collins, MD","3209 W Camp Wisdom Rd, Dallas, TX 75237, USA",doctor,32.6629423,-96.8730904,(469) 228-8176,https://www.centerwellprimarycare.com/?utm_medium=businesslistings&utm_campaign=yext_nat_onlinelistings_en_digital_evergreen,False,,,,,ChIJVS46D6WRToYRMBsixG6oV88
"Michielle N Fisher, MD","3209 W Camp Wisdom Rd, Dallas, TX 75237, USA",doctor,32.6629624,-96.87305699999999,(469) 228-8176,https://www.centerwellprimarycare.com/?utm_medium=businesslistings&utm_campaign=yext_nat_onlinelistings_en_digital_evergreen,False,,,,,ChIJi4RzOVORToYRqq-BWLahVVM
"Annum Zulfiqar, MD","3209 W Camp Wisdom Rd, Dallas, TX 75237, USA",doctor,32.6629624,-96.87305699999999,(469) 228-8176,https://www.centerwellprimarycare.com/?utm_medium=businesslistings&utm_campaign=yext_nat_onlinelistings_en_digital_evergreen,False,,,,,ChIJjZTVMkyRToYRb51dmZBhre4
"Larah L Brown, APRN","3209 W Camp Wisdom Rd, Dallas, TX 75237, USA",doctor,32.6629624,-96.87305699999999,(469) 228-8176,https://www.centerwellprimarycare.com/?utm_medium=businesslistings&utm_campaign=yext_nat_onlinelistings_en_digital_evergreen,False,,,,,ChIJsZ8wB6GRToYRsWT4qbDBiEw
StrideCare Vascular,"3107 W Camp Wisdom Rd Ste 110, Dallas, TX 75237, USA",doctor,32.66301300000001,-96.87201999999999,(866) 552-4866,https://www.stridecare.com/?utm_source=google&utm_medium=organic&utm_campaign=gbp_listing,False,,,,,ChIJ_RKmLKKbToYRpXydlrvAjo8
Slonim Suzanne M MD,"3107 W Camp Wisdom Rd, Dallas, TX 75237, USA",doctor,32.6630694,-96.8721542,(214) 272-2288,https://www.fibroidfree.com/about/why-slonim/,False,,,,,ChIJ1TfK0F-RToYRGtlwxd4IAFU
StrideCare Foot & Ankle,"3107 W Camp Wisdom Rd, Dallas, TX 75237, USA",doctor,32.6629839,-96.8709846,(866) 552-4866,https://www.stridecare.com/tx/dallas/2701-south-hampton-road-suite-220b-stridecare-foot-ankle-28?utm_source=google&utm_medium=organic&utm_campaign=gbp_listing,False,,,,,ChIJ9X7MwcabToYRh1U4XgC9YWQ
Fibroid Institute Dallas - South,"3107 W Camp Wisdom Rd Ste 110, Dallas, TX 75237, USA",doctor,32.6631911,-96.87095359999999,(214) 272-2288,https://www.fibroidfree.com/clinic/dallas-fibroids-south/,False,,,,,ChIJ_U28LOORToYRBwXobjCh33Y
Primary Care - UT Southwestern Redbird,"3450 W Camp Wisdom Rd, Dallas, TX 75237, USA",doctor,32.659991999999995,-96.8748306,(214) 214-5830,https://utswmed.org/locations/ut-southwestern-medical-center-redbird/primary-care-med-ctr-redbird/,False,,,,,ChIJIZY41-eRToYRUrqUqUMowCk
UT Southwestern Medical Center at RedBird,"3450 W Camp Wisdom Rd, Dallas, TX 75237, USA",doctor,32.659957999999996,-96.87483879999999,(214) 645-8300,https://utswmed.org/locations/ut-southwestern-medical-center-redbird/,False,,,,,ChIJKTCsYGuRToYR4Et7MFYbh6U
Triune Dimensions Church,"American Way, Dallas, TX 75237, USA",church,32.6661298,-96.8841109,(682) 518-8994,,False,,,,,ChIJRRKrKK6HToYRT1cBb81JNPY
Westmoreland @ Red Raider - S - FS,"Dallas, TX 75237, USA",bus_stop,32.666874,-96.88175199999999,,,False,,,,,ChIJVa8T7FSQToYR-vTQyN96vcU
Westmoreland @ Red Raider - N - NS,"Dallas, TX 75237, USA",bus_stop,32.66681,-96.88153,,,False,,,,,ChIJefjY6FSQToYRaC9k1-0n7sk
Genesis Campus,"Dallas, TX 75237, USA",educational_institution,32.6637422,-96.88200040000001,,,False,,,,,ChIJ8byLP6uRToYR0aqubB6j6AU
Westmoreland @ Camp Wisdom - S - MB,"Dallas, TX 75237, USA",bus_stop,32.663834,-96.88173499999999,,,False,,,,,ChIJYc-JPquRToYR0Rpqjkke1R4
Golden Eagles Program,"6901 S Westmoreland Rd, Dallas, TX 75237, USA",consultant,32.663543499999996,-96.8822756,(972) 709-4700 ext. 2019,,False,,,,,ChIJVVUVaquRToYRvH0sy8x7TuI
A. W. Brown-Fellowship Early Childhood Campus,"6901 S Westmoreland Rd, Dallas, TX 75237, USA",primary_school,32.663504599999996,-96.8821406,(972) 709-4700,http://www.awbrown.org/,False,,,,,ChIJ4Z06aquRToYR3Se7iX_0vo0
Liz Insurance Agency,"7010 American Way # A, Dallas, TX 75237, USA",insurance_agency,32.6633807,-96.88380819999999,(214) 217-7270,https://www.lizinsuranceagency.org/,False,,,,,ChIJIZndtgWcToYRhxJGrQBsmjI
Fademaster Dallas,"7010 American Way Ste j, Dallas, TX 75237, USA",barber_shop,32.6632507,-96.88365979999999,(972) 839-9692,http://book.thecut.co/ogFademasterT,False,,,,,ChIJhxr6mSeRToYRxLVGET9VXLY
Your Favorite Photographer,"7010 American Way, Dallas, TX 75237, USA",service,32.6632506,-96.8836599,(214) 399-4563,https://bookyfp.square.site/,False,,,,,ChIJMdr5CjqRToYRxz3R3J4Z8Ws
All LAT Shop,"7010 American Way Ste F, Dallas, TX 75237, USA",body_art_service,32.6632506,-96.8836599,(214) 721-2610,http://www.fb.com/inkjobbih,False,,,,,ChIJCdvodyiRToYR8PrJ4kW_QD8
PureFlow Maintenance,"6994 American Way, Dallas, TX 75237, USA",service,32.6632268,-96.88382320000001,(469) 436-9145,,False,,,,,ChIJh3zZ1iPLRIYREiQuk42pE0U
CSP Health Services Corporation,"7010 American Way # K, Dallas, TX 75237, USA",medical_clinic,32.6631626,-96.8834195,(972) 296-9900,,False,,,,,ChIJ7yrsnayRToYR6F1V0Ljc8pw
Tee’s Creative Lab,"6825 Beechnut St, Dallas, TX 75237, USA",clothing_store,32.666104499999996,-96.8794854,(214) 908-9065,,False,,,,,ChIJ59oMZYGRToYRwDkrXPdHrPQ
Ngozis Fashions,"3731 W Camp Wisdom Rd, Dallas, TX 75237, USA",clothing_store,32.663257,-96.88058099999999,(214) 942-1775,https://www.ngozisafricanfashion.com/,False,,,,,ChIJYZIFWaqRToYRfsKLwwgkPm4
ms.bees kandy shak,"3715 W Camp Wisdom Rd Ste D, Dallas, TX 75237, USA",convenience_store,32.663413,-96.8800627,(469) 890-4738,,False,,,,,ChIJbX_5vxSRToYR8ahzb_IugB8
Harmony Food Pantry & Resource Center,"00000654541000000, Dallas, TX 75237, USA",grocery_store,32.6642028,-96.8749902,(214) 467-6770,https://www.harmonycdc.org/food-pantry/,False,,,,,ChIJAUEJNe-RToYRfMG3ZC5c1GI
team bailey fitness,"3711 W Camp Wisdom Rd, Dallas, TX 75237, USA",health,32.6634599,-96.879975,(214) 694-6298,http://www.teambaileyfitness.com/,False,,,,,ChIJKRS1m-GRToYRwOHyEviNkBo
ecoATM,"3423 W Camp Wisdom Rd, Dallas, TX 75237, USA",,32.662954,-96.87664099999999,(858) 324-4111,http://locations.ecoatm.com/tx/dallas/sell-my-phone-dallas-tx-10866?utm_source=google&utm_medium=local&utm_campaign=google-local,False,,,,,ChIJD8oaw1iRToYRmjaEzWmt0x8
Ria Money Transfer - PLS Check Cashers,"3423 W Camp Wisdom Rd, Dallas, TX 75237, USA",finance,32.6629578,-96.87661779999999,(972) 780-8500,https://pls247.com/money/ria-money-transfer.html,False,,,,,ChIJO4_M6WuRToYRFRhIJEgXRhY
Coinstar Kiosk - Bitcoin ATM,"PLS Check Cashers, 3423 W Camp Wisdom Rd, Dallas, TX 75237, USA",finance,32.6629453,-96.87663339999999,(800) 928-2274,https://www.coinstar.com/kiosk-info?KioskId=47367&?utm_source=locationlisting&utm_medium=gmb&utm_campaign=webbutton,False,,,,,ChIJw7iNOhSRToYRrnok94d0iUM
Prosperity Bank,"3515 W Camp Wisdom Rd, Dallas, TX 75237, USA",bank,32.6627606,-96.8778356,(214) 467-6996,https://locations.prosperitybankusa.com/prosperity-bank-camp-wisdom-93544310fb27,False,,,,,ChIJ20BUfgCRToYRfj6Sss6ETkc
Harmony CDC,"6969 Pastor Bailey Dr, Dallas, TX 75237, USA",non_profit_organization,32.66421,-96.87480819999999,(214) 467-6770,http://www.harmonycdc.org/,False,,,,,ChIJY6WyyAGRToYR_sf6tjPb5XY
Family Tree Program,"6969 Pastor Bailey Dr #250, Dallas, TX 75237, USA",health,32.66439,-96.8746623,(214) 751-3932,http://familytreeprogram.org/locations/harmony-counseling-center/,False,,,,,ChIJY6WyyAGRToYRTiFzsoT0jJY
PLS Check Cashers,"3423 W Camp Wisdom Rd, Dallas, TX 75237, USA",finance,32.662898999999996,-96.8766421,(972) 780-8500,https://pls247.com/tx/store-locator/store/124-3423-w-camp-wisdom-rd-dallas.html,False,,,,,ChIJvV7jXQCRToYRVYFRsLl40E4
Golden Eagle Program,"3721 W Camp Wisdom Rd, Dallas, TX 75237, USA",child_care_agency,32.6634514,-96.88023439999999,(972) 298-9437,http://www.goldeneagleprogram.org/,False,,,,,ChIJb4KxFn2RToYRvmcipGImZq0
Family Care Connection,"6969 Pastor Bailey Dr #140, Dallas, TX 75237, USA",association_or_organization,32.6644107,-96.8745835,(972) 298-3366,http://www.familycareconnection.org/,False,,,,,ChIJCR_QyAGRToYRZcJOPZfL3Hc
Harmony Food Pantry,"6969 Pastor Bailey Dr, Dallas, TX 75237, USA",association_or_organization,32.664505,-96.87451999999999,(214) 467-6770,http://harmonycdc.org/food-pantry,False,,,,,ChIJ4-7PyAGRToYR3bcXDqUvDts
Raft Counseling Center,"6969 Pastor Bailey Dr #250, Dallas, TX 75237, USA",medical_clinic,32.664505,-96.87451999999999,(214) 393-5150,,False,,,,,ChIJCR_QyAGRToYRpr68i_eazVg
Pat's Learning Academy,"3721 W Camp Wisdom Rd, Dallas, TX 75237, USA",preschool,32.6633482,-96.8801237,(214) 377-9161,,False,,,,,ChIJRyswWaqRToYRJHDcSLQM5cA
Chase Home Lending,"3535 W Camp Wisdom Rd, Dallas, TX 75237, USA",finance,32.6626858,-96.87817609999999,(504) 813-6744,https://homelendingadvisor.chase.com/tx/duncanville/303-s-main-st-hla-2123825?jp_cmp=hf%2FGMBHLApages%2Fext%2FYEXT%2FGoogle&y_source=1_MjAwMDYzMTUyOC03MTUtbG9jYXRpb24ud2Vic2l0ZQ%3D%3D,False,,,,,ChIJPxsJgaqRToYRlR6DQGqYv3c
IREPAIR ELECTRONICS - Dallas,"3651 W Camp Wisdom Rd, Dallas, TX 75237, USA",service,32.6627412,-96.8790248,(469) 872-0093,https://irepairelectronics.com/pages/booking,False,,,,,ChIJDZZ-X80kTIYR09h5_vL6Y7k
Just 7 Lube & Auto Repair,"3407 W Camp Wisdom Rd, Dallas, TX 75237, USA",car_repair,32.662996299999996,-96.8759278,(972) 708-9999,http://www.just7.us/,False,,,,,ChIJc9mSUACRToYRFoURA6AjeAM
Metro by T-Mobile,"3333 W Camp Wisdom Rd Ste 100, Dallas, TX 75237, USA",cell_phone_store,32.6630908,-96.8756396,(214) 238-7404,https://www.metrobyt-mobile.com/stores/bd/metro-by-t-mobile-dallas-tx-10298777/?utm_source=google&utm_medium=lastmile&utm_campaign=34438,False,,,,,ChIJ_TRdrAGRToYRa_YZUrG3qVc
Booujiee Boutique,"3707 W Camp Wisdom Rd, Dallas, TX 75237, USA",womens_clothing_store,32.6626514,-96.87993,(469) 456-4267,,False,,,,,ChIJzYQyOo-RToYRb1VOcF9IWok
Metroplex Endodontics,"7005 Pastor Bailey Dr #103b, Dallas, TX 75237, USA",dentist,32.663627,-96.8747719,(972) 780-0068,,False,,,,,ChIJjRfbsAGRToYRxlRLOmv2SoE
"Dr. Monali Patel, DDS","7005 Pastor Bailey Dr, Dallas, TX 75237, USA",dentist,32.6635996,-96.8747244,(972) 296-1867,,False,,,,,ChIJjRfbsAGRToYR5CSRG4cVL58
Kostohryz John G DDS,"7005 Pastor Bailey Dr #103b, Dallas, TX 75237, USA",dentist,32.6635996,-96.8747244,(972) 296-1835,,False,,,,,ChIJjRfbsAGRToYRk5NeEBtTesw
Congo Dental Clinic Pc,"7005 Pastor Bailey Dr, Dallas, TX 75237, USA",dentist,32.6635996,-96.8747244,(972) 296-2202,,False,,,,,ChIJjRfbsAGRToYR8mUV1Z4JlJ4
Menegazzo Erick DDS,"7005 Pastor Bailey Dr #103b, Dallas, TX 75237, USA",dentist,32.6635996,-96.8747244,(214) 361-6669,http://www.endogroupinc.com/,False,,,,,ChIJjRfbsAGRToYRTGF8JIC927k
Basit Saadia DDS,"7005 Pastor Bailey Dr #100-A, Dallas, TX 75237, USA",dentist,32.6635996,-96.8747244,(972) 296-1835,,False,,,,,ChIJjRfbsAGRToYR8A0-p0ULs60
ABC Orthodontics,"7005 Pastor Bailey Dr, Dallas, TX 75237, USA",dentist,32.6635996,-96.8747244,(972) 296-3349,,False,,,,,ChIJjRfbsAGRToYRv3qsi9uT1UI
Ham John w DDS,"7005 Pastor Bailey Dr #103b, Dallas, TX 75237, USA",dentist,32.6635996,-96.8747244,(972) 780-0068,,False,,,,,ChIJjRfbsAGRToYRkDKqzAxjn-8
"Dr. Donna D. Baines, DDS","3333 W Camp Wisdom Rd, Dallas, TX 75237, USA",dentist,32.663091099999995,-96.8751853,(972) 709-1979,,False,,,,,ChIJ_TRdrAGRToYRk2O5_rE5V_M
Children's Genesis,"6808 Pastor Bailey Dr, Dallas, TX 75237, USA",educational_institution,32.665799899999996,-96.8730485,(469) 203-1451,http://childrensgenesis.org/,False,,,,,ChIJCT2nALyQToYRWLpygvfgvKU
Sweetly Squeezed Lemonade,"6808 Pastor Bailey Dr Foyer, Dallas, TX 75237, USA",,32.665758,-96.8731687,,,False,,,,,ChIJBSaljpmRToYRn-V5i1EUItw
Concord Church,"6808 Pastor Bailey Dr, Dallas, TX 75237, USA",church,32.665788899999995,-96.8732181,(214) 331-8522,http://concorddallas.org/,False,,,,,ChIJ49aniv2QToYRpI0CsEFB2oY
Smith Roy DDS,"3235 W Camp Wisdom Rd, Dallas, TX 75237, USA",dentist,32.6637601,-96.8731723,(214) 331-1131,http://www.monarchdental.com/,False,,,,,ChIJ_0NLngGRToYR2454qFDFShI
Monarch Dental,"3235 W Camp Wisdom Rd, Dallas, TX 75237, USA",dentist,32.6637432,-96.8731498,(214) 331-1131,https://www.monarchdental.com/dentist-near-me/dallas-dentist/30220?utm_source=generic&utm_medium=profiles&utm_campaign=local_profiles,False,,,,,ChIJH4lZeAGRToYR8qkgQbm_ACY
Dallas Reading and Language Services,"3235 W Camp Wisdom Rd, Dallas, TX 75237, USA",medical_clinic,32.6637284,-96.8731742,(214) 646-1570,http://www.speechtherapydallas.com/,False,,,,,ChIJ6bTKUCufToYRYWxutwUurqU
Harmony Counseling Center,"6969 Pastor Bailey Dr, Dallas, TX 75237, USA",health,32.6645051,-96.8744969,(214) 467-6770,https://www.harmonycdc.org/counseling,False,,,,,ChIJL6viHxiRToYRCiuQPPRAfok
"Dr. Randall B. Macurak, MD","3107 W Camp Wisdom Rd, Dallas, TX 75237, USA",doctor,32.6639195,-96.8711527,(214) 331-2922,,False,,,,,ChIJyTAPSQKRToYRB6nOskqd8Zg
Bodied by Monti,"3259 W Camp Wisdom Rd, Dallas, TX 75237, USA",spa,32.663872,-96.87376069999999,(469) 418-9993,,False,,,,,ChIJMRyy2q-RToYRCkJYvw08gYk
Dallas Lash Lounge,"3259 W Camp Wisdom Rd, Dallas, TX 75237, USA",beauty_salon,32.66384,-96.87375,,,False,,,,,ChIJNW-EOx-ZToYROZ4WL1_g8gI
Marye Carr Independent Insurance Services,"3107 W Camp Wisdom Rd Ste 170, Dallas, TX 75237, USA",health,32.6638458,-96.87095509999999,(214) 586-2851,http://www.myuhcagent.com/marye-carr,False,,,,,ChIJ-TgC_MmRToYRA0Om5Pj6-YI
"Rajani L Shrestha, DO","3107 W Camp Wisdom Rd Ste 170, Dallas, TX 75237, USA",doctor,32.6638458,-96.87095509999999,(972) 942-7700,https://doctors.wellmedhealthcare.com/details/159618?utm_source=google&utm_medium=organic&utm_campaign=local-listings,False,,,,,ChIJJ4M27xmRToYRBe78xtBiwVw
Alamo Self Storage - Redbird,"7011 Marvin D. Love Fwy, Dallas, TX 75237, USA",storage,32.6640578,-96.8693301,(214) 337-8444,https://www.storewithus.com/storage-dallas-tx/7011-marvin-d-love-freeway,False,,,,,ChIJX6X85QKRToYRoCjbBQNOyuY
Coronado Realty,"6623 Pastor Bailey Dr, Dallas, TX 75237, USA",real_estate_agency,32.6682979,-96.8746924,(214) 554-0308,https://www.normacoronadorealty.com/,False,,,,,ChIJwaRnfJuRToYRVlydPNxLRC8
"Shantrelle Denine Lavigne, NP","3107 W Camp Wisdom Rd Ste 170, Dallas, TX 75237, USA",doctor,32.6638458,-96.87095509999999,(972) 942-7700,https://doctors.wellmedhealthcare.com/details/157832?utm_source=google&utm_medium=organic&utm_campaign=local-listings,False,,,,,ChIJXa0Dv-CRToYRYEH0iDu81QE
"Tamika Lashunda Perry, DO","3107 W Camp Wisdom Rd Ste 170, Dallas, TX 75237, USA",doctor,32.6638458,-96.87095509999999,(972) 942-7700,https://doctors.wellmedhealthcare.com/details/145427?utm_source=google&utm_medium=organic&utm_campaign=local-listings,False,,,,,ChIJNaJYYhuXToYRXHwWiZwHOhg
"Dr. Charles J. Lostak, DO","3107 W Camp Wisdom Rd Ste 170, Dallas, TX 75237, USA",doctor,32.663798799999995,-96.8708506,(214) 331-2922,,False,,,,,ChIJyTAPSQKRToYRBzFEby3oi8U
"Steven R. Miller, DPM","3107 W Camp Wisdom Rd Ste 170, Dallas, TX 75237, USA",doctor,32.663798799999995,-96.8708506,(214) 467-0432,http://www.thpg.org/,False,,,,,ChIJyTAPSQKRToYR5qJLZr3GjWg
Methodist Surgery Center - Redbird GI,"3107 W Camp Wisdom Rd Ste. 189, Dallas, TX 75237, USA",medical_clinic,32.663798799999995,-96.8708506,(214) 331-2922,https://methodistredbird.com/,False,,,,,ChIJyTAPSQKRToYR2x0kc55mWis
Baylor Scott & White Outpatient Therapy - Dallas - Camp Wisdom Road,"3107 W Camp Wisdom Rd #131, Dallas, TX 75237, USA",medical_clinic,32.663798799999995,-96.8708506,(214) 339-4533,https://www.bswphysicaltherapy.com/contact/find-a-location/tx/dallas/dallas-camp-wisdom-road/?ty=xt,False,,,,,ChIJyTAPSQKRToYRvOkD5gxmc6U
"Bruce Stephen Moayedi Kinney, DO","3107 W Camp Wisdom Rd Ste 170, Dallas, TX 75237, USA",doctor,32.6637712,-96.8705449,(972) 942-7700,https://doctors.wellmedhealthcare.com/details/157357?utm_source=google&utm_medium=organic&utm_campaign=local-listings,False,,,,,ChIJOVjjOwqRToYRW0IztpZNwlA
"April Dawn Wilson, NP","3107 W Camp Wisdom Rd Ste 170, Dallas, TX 75237, USA",doctor,32.6637601,-96.87054619999999,(972) 942-7700,https://doctors.wellmedhealthcare.com/details/159854?utm_source=google&utm_medium=organic&utm_campaign=local-listings,False,,,,,ChIJjQ8K4N2RToYRZxM1OGHkx2Q
WellMed at Redbird Square,"3107 W Camp Wisdom Rd Ste 170, Dallas, TX 75237, USA",medical_clinic,32.6637489,-96.8705476,(972) 942-7700,https://doctors.wellmedhealthcare.com/locations/details/11024?utm_source=google&utm_medium=organic&utm_campaign=local-listings,False,,,,,ChIJt1nJENKRToYRChqtSp9tx7E
